Hflodomr,biflnr,Vdragnamn,Xkoorvdr,Ykoorvdr,MS_CD,EU_CD,VISS_MS_CD,År,Medeltäthet_Lax100m2,Medeltäthet_Öring100m2,Totaltäthet100m2,Medelantalfiskarter,XRT90,YRT90
1,17 12 1,Kitkiöjoki,753763,181500,WA72266995,SE754016-181191,SE754016-181191,1992,0.3,14.1,14.4,6,7537630,1815000
1,17 12 1,Kitkiöjoki,753763,181500,WA72266995,SE754016-181191,SE754016-181191,1995,0,13.4,13.4,5,7537630,1815000
1,17 12 1,Kitkiöjoki,753763,181500,WA72266995,SE754016-181191,SE754016-181191,1996,0,8.4,8.4,5,7537630,1815000
1,17 12 1,Kitkiöjoki,753763,181500,WA72266995,SE754016-181191,SE754016-181191,1998,0.5,2.3,2.8,4,7537630,1815000
1,17 12 1,Kitkiöjoki,753763,181500,WA72266995,SE754016-181191,SE754016-181191,2007,2.2,0.7,3,4,7537630,1815000
1,17 12 1,Kitkiöjoki,753763,181500,WA72266995,SE754016-181191,SE754016-181191,2008,1.2,1.4,2.6,4.3,7537630,1815000
1,17 12 1,Kitkiöjoki,753763,181500,WA72266995,SE754016-181191,SE754016-181191,2009,1,1.5,2.5,4,7537630,1815000
1,17 12 1,Kitkiöjoki,753763,181500,WA72266995,SE754016-181191,SE754016-181191,2010,2.2,3,5.3,4.5,7537630,1815000
1,17 12 1,Kitkiöjoki,753763,181500,WA72266995,SE754016-181191,SE754016-181191,2011,2.1,2.8,4.9,3.5,7537630,1815000
1,17 12 1,Kitkiöjoki,753763,181500,WA72266995,SE754016-181191,SE754016-181191,2012,1.3,2,3.2,4.5,7537630,1815000
1,17 12 1,Kitkiöjoki,753763,181500,WA72266995,SE754016-181191,SE754016-181191,2013,3.2,2.1,5.3,4.8,7537630,1815000
1,17 12 1,Kitkiöjoki,753763,181500,WA72266995,SE754016-181191,SE754016-181191,2014,4,2.6,6.6,4,7537630,1815000
1,17 12 1,Kitkiöjoki,753763,181500,WA72266995,SE754016-181191,SE754016-181191,2015,2.5,6.5,9,3.8,7537630,1815000
1,17 12 1,Kitkiöjoki,753763,181500,WA72266995,SE754016-181191,SE754016-181191,2016,5.7,9.1,14.8,4,7537630,1815000
1,17 12 1,Kitkiöjoki,753763,181500,WA72266995,SE754016-181191,SE754016-181191,2017,6.9,7.7,14.6,3.8,7537630,1815000
1,17 12 1,Kitkiöjoki,753763,181500,WA72266995,SE754016-181191,SE754016-181191,2018,6,6.3,12.2,3.8,7537630,1815000
4,27,Akkarjåkkå,749870,172464,WA34033118,SE753561-165305,SE753561-165305,2007,0,3,3,1,7498700,1724640
4,27,Akkarjåkkå,749870,172464,WA34033118,SE753561-165305,SE753561-165305,2008,0,2.7,2.7,1,7498700,1724640
4,27,Akkarjåkkå,749870,172464,WA34033118,SE753561-165305,SE753561-165305,2009,0,2.2,2.2,1,7498700,1724640
4,27,Akkarjåkkå,749870,172464,WA34033118,SE753561-165305,SE753561-165305,2010,0,2,2,1.7,7498700,1724640
4,27,Akkarjåkkå,749870,172464,WA34033118,SE753561-165305,SE753561-165305,2011,0,2.6,2.6,1,7498700,1724640
4,27,Akkarjåkkå,749870,172464,WA34033118,SE753561-165305,SE753561-165305,2012,0,3.5,3.5,1.3,7498700,1724640
4,27,Akkarjåkkå,749870,172464,WA34033118,SE753561-165305,SE753561-165305,2013,0,5.4,5.4,1.3,7498700,1724640
4,27,Akkarjåkkå,749870,172464,WA34033118,SE753561-165305,SE753561-165305,2014,0,7.1,7.1,2.3,7498700,1724640
4,27,Akkarjåkkå,749870,172464,WA34033118,SE753561-165305,SE753561-165305,2015,0,6,6,1,7498700,1724640
4,27,Akkarjåkkå,749870,172464,WA34033118,SE753561-165305,SE753561-165305,2016,0,6.1,6.1,1.3,7498700,1724640
4,27,Akkarjåkkå,749870,172464,WA34033118,SE753561-165305,SE753561-165305,2017,0,9.2,9.2,1.3,7498700,1724640
4,27,Akkarjåkkå,749870,172464,WA34033118,SE753561-165305,SE753561-165305,2018,0,10.6,10.6,1.3,7498700,1724640
9,20,Muddusälven,741408,169013,WA60139716,SE741654-169042,SE741654-169042,2000,0,2.6,2.6,2,7414080,1690130
9,20,Muddusälven,741408,169013,WA60139716,SE741654-169042,SE741654-169042,2002,0,5.4,5.4,2,7414080,1690130
9,20,Muddusälven,741408,169013,WA60139716,SE741654-169042,SE741654-169042,2003,0,5.1,5.1,2,7414080,1690130
9,20,Muddusälven,741408,169013,WA60139716,SE741654-169042,SE741654-169042,2004,0,5.1,5.1,2,7414080,1690130
9,20,Muddusälven,741408,169013,WA60139716,SE741654-169042,SE741654-169042,2005,0,2.9,2.9,2,7414080,1690130
9,20,Muddusälven,741408,169013,WA60139716,SE741654-169042,SE741654-169042,2006,0,8.4,8.4,2,7414080,1690130
9,20,Muddusälven,741408,169013,WA60139716,SE741654-169042,SE741654-169042,2007,0,3.7,3.7,2,7414080,1690130
9,20,Muddusälven,741408,169013,WA60139716,SE741654-169042,SE741654-169042,2008,0,4.5,4.5,2,7414080,1690130
9,20,Muddusälven,741408,169013,WA60139716,SE741654-169042,SE741654-169042,2009,0,4.6,4.6,2,7414080,1690130
9,20,Muddusälven,741408,169013,WA60139716,SE741654-169042,SE741654-169042,2010,0,4.7,4.7,2,7414080,1690130
9,20,Muddusälven,741408,169013,WA60139716,SE741654-169042,SE741654-169042,2011,0,3,3,2,7414080,1690130
9,20,Muddusälven,741408,169013,WA60139716,SE741654-169042,SE741654-169042,2012,0,3,3,2,7414080,1690130
9,20,Muddusälven,741408,169013,WA60139716,SE741654-169042,SE741654-169042,2013,0,3.9,3.9,2,7414080,1690130
9,20,Muddusälven,741408,169013,WA60139716,SE741654-169042,SE741654-169042,2014,0,4.1,4.1,2,7414080,1690130
9,20,Muddusälven,741408,169013,WA60139716,SE741654-169042,SE741654-169042,2015,0,3,3,2,7414080,1690130
9,20,Muddusälven,741408,169013,WA60139716,SE741654-169042,SE741654-169042,2016,0,1.3,1.3,1.3,7414080,1690130
9,20,Muddusälven,741408,169013,WA60139716,SE741654-169042,SE741654-169042,2017,0,3.5,3.5,2,7414080,1690130
9,20,Muddusälven,741408,169013,WA60139716,SE741654-169042,SE741654-169042,2018,0,4.1,4.1,1.3,7414080,1690130
13,22 1,Viepsajåkkå,737650,158300,WA56061050,SE737666-158035,SE737666-158035,2007,0,4.4,4.4,2.3,7376500,1583000
13,22 1,Viepsajåkkå,737650,158300,WA56061050,SE737666-158035,SE737666-158035,2008,0,7.2,7.2,2.3,7376500,1583000
13,22 1,Viepsajåkkå,737650,158300,WA56061050,SE737666-158035,SE737666-158035,2009,0,3.6,3.6,2.3,7376500,1583000
13,22 1,Viepsajåkkå,737650,158300,WA56061050,SE737666-158035,SE737666-158035,2010,0,5.1,5.1,2.3,7376500,1583000
13,22 1,Viepsajåkkå,737650,158300,WA56061050,SE737666-158035,SE737666-158035,2011,0,2.5,2.5,2,7376500,1583000
13,22 1,Viepsajåkkå,737650,158300,WA56061050,SE737666-158035,SE737666-158035,2012,0,2.7,2.7,2.7,7376500,1583000
13,22 1,Viepsajåkkå,737650,158300,WA56061050,SE737666-158035,SE737666-158035,2013,0,3.3,3.3,2.3,7376500,1583000
13,22 1,Viepsajåkkå,737650,158300,WA56061050,SE737666-158035,SE737666-158035,2014,0,5.2,5.2,2.7,7376500,1583000
13,22 1,Viepsajåkkå,737650,158300,WA56061050,SE737666-158035,SE737666-158035,2015,0,3.3,3.3,2,7376500,1583000
13,22 1,Viepsajåkkå,737650,158300,WA56061050,SE737666-158035,SE737666-158035,2016,0,1.7,1.7,1.7,7376500,1583000
13,22 1,Viepsajåkkå,737650,158300,WA56061050,SE737666-158035,SE737666-158035,2017,0,4.2,4.2,2.3,7376500,1583000
13,22 1,Viepsajåkkå,737650,158300,WA56061050,SE737666-158035,SE737666-158035,2018,0,4.7,4.7,2.3,7376500,1583000
18,12,Bergmyrbäcken,728402,165409,WA66448021,SE727831-165123,SE727831-165123,2007,0,12,12,1.3,7284020,1654090
18,12,Bergmyrbäcken,728402,165409,WA66448021,SE727831-165123,SE727831-165123,2008,0,26.1,26.1,1.3,7284020,1654090
18,12,Bergmyrbäcken,728402,165409,WA66448021,SE727831-165123,SE727831-165123,2009,0,16.5,16.5,1.3,7284020,1654090
18,12,Bergmyrbäcken,728402,165409,WA66448021,SE727831-165123,SE727831-165123,2010,0,20.8,20.8,1,7284020,1654090
18,12,Bergmyrbäcken,728402,165409,WA66448021,SE727831-165123,SE727831-165123,2011,0,8.8,8.8,1,7284020,1654090
18,12,Bergmyrbäcken,728402,165409,WA66448021,SE727831-165123,SE727831-165123,2012,0,20.2,20.2,1,7284020,1654090
18,12,Bergmyrbäcken,728402,165409,WA66448021,SE727831-165123,SE727831-165123,2013,0,19.3,19.3,1,7284020,1654090
18,12,Bergmyrbäcken,728402,165409,WA66448021,SE727831-165123,SE727831-165123,2014,0,16.6,16.6,1.3,7284020,1654090
18,12,Bergmyrbäcken,728402,165409,WA66448021,SE727831-165123,SE727831-165123,2015,0,19.4,19.4,1,7284020,1654090
18,12,Bergmyrbäcken,728402,165409,WA66448021,SE727831-165123,SE727831-165123,2016,0,26.5,26.5,1,7284020,1654090
18,12,Bergmyrbäcken,728402,165409,WA66448021,SE727831-165123,SE727831-165123,2017,0,24.3,24.3,1,7284020,1654090
18,12,Bergmyrbäcken,728402,165409,WA66448021,SE727831-165123,SE727831-165123,2018,0,17.2,17.2,1,7284020,1654090
28,8 23,Mattjokkbäcken,723207,161433,WA23593659,SE723329-161534,SE723329-161534,1993,5,4.8,9.8,4,7232070,1614330
28,8 23,Mattjokkbäcken,723207,161433,WA23593659,SE723329-161534,SE723329-161534,2007,14.6,3.3,17.9,3.5,7232070,1614330
28,8 23,Mattjokkbäcken,723207,161433,WA23593659,SE723329-161534,SE723329-161534,2008,31,2.4,33.4,3,7232070,1614330
28,8 23,Mattjokkbäcken,723207,161433,WA23593659,SE723329-161534,SE723329-161534,2009,32.1,3,35.1,2.5,7232070,1614330
28,8 23,Mattjokkbäcken,723207,161433,WA23593659,SE723329-161534,SE723329-161534,2010,36.2,1.4,37.5,3,7232070,1614330
28,8 23,Mattjokkbäcken,723207,161433,WA23593659,SE723329-161534,SE723329-161534,2011,13.4,3.5,16.9,2.5,7232070,1614330
28,8 23,Mattjokkbäcken,723207,161433,WA23593659,SE723329-161534,SE723329-161534,2012,38,10.9,48.9,3,7232070,1614330
28,8 23,Mattjokkbäcken,723207,161433,WA23593659,SE723329-161534,SE723329-161534,2013,59.2,8.4,67.6,3,7232070,1614330
28,8 23,Mattjokkbäcken,723207,161433,WA23593659,SE723329-161534,SE723329-161534,2014,46.4,9.1,55.5,3.5,7232070,1614330
28,8 23,Mattjokkbäcken,723207,161433,WA23593659,SE723329-161534,SE723329-161534,2015,19.2,5.3,24.5,2.5,7232070,1614330
28,8 23,Mattjokkbäcken,723207,161433,WA23593659,SE723329-161534,SE723329-161534,2016,10.9,4.7,15.6,3,7232070,1614330
28,8 23,Mattjokkbäcken,723207,161433,WA23593659,SE723329-161534,SE723329-161534,2017,5.7,4.9,10.5,3.5,7232070,1614330
28,8 23,Mattjokkbäcken,723207,161433,WA23593659,SE723329-161534,SE723329-161534,2018,2.5,5,7.5,3,7232070,1614330
30,1,Lillån,705367,169582,WA62616626,SE706176-733260,SE706176-733260,1990,0,5.7,5.7,1.3,7053670,1695820
30,1,Lillån,705367,169582,WA62616626,SE706176-733260,SE706176-733260,1991,0,3.9,3.9,1,7053670,1695820
30,1,Lillån,705367,169582,WA62616626,SE706176-733260,SE706176-733260,1992,0,16,16,1.3,7053670,1695820
30,1,Lillån,705367,169582,WA62616626,SE706176-733260,SE706176-733260,1993,0,13.8,13.8,1,7053670,1695820
30,1,Lillån,705367,169582,WA62616626,SE706176-733260,SE706176-733260,1994,0,13.2,13.2,1.3,7053670,1695820
30,1,Lillån,705367,169582,WA62616626,SE706176-733260,SE706176-733260,1995,0,14,14,2,7053670,1695820
30,1,Lillån,705367,169582,WA62616626,SE706176-733260,SE706176-733260,1996,0,10,10,2,7053670,1695820
30,1,Lillån,705367,169582,WA62616626,SE706176-733260,SE706176-733260,1997,0,2,2,1,7053670,1695820
30,1,Lillån,705367,169582,WA62616626,SE706176-733260,SE706176-733260,1998,0,3.2,3.2,1.5,7053670,1695820
30,1,Lillån,705367,169582,WA62616626,SE706176-733260,SE706176-733260,1999,0,25.4,25.4,1.5,7053670,1695820
30,1,Lillån,705367,169582,WA62616626,SE706176-733260,SE706176-733260,2000,0,10.6,10.6,1,7053670,1695820
30,1,Lillån,705367,169582,WA62616626,SE706176-733260,SE706176-733260,2001,0,8.4,8.4,1.3,7053670,1695820
30,1,Lillån,705367,169582,WA62616626,SE706176-733260,SE706176-733260,2002,0,28.6,28.6,1.3,7053670,1695820
30,1,Lillån,705367,169582,WA62616626,SE706176-733260,SE706176-733260,2003,0,9.5,9.5,1.3,7053670,1695820
30,1,Lillån,705367,169582,WA62616626,SE706176-733260,SE706176-733260,2004,0,13.2,13.2,1.3,7053670,1695820
30,1,Lillån,705367,169582,WA62616626,SE706176-733260,SE706176-733260,2005,0,8.2,8.2,1,7053670,1695820
30,1,Lillån,705367,169582,WA62616626,SE706176-733260,SE706176-733260,2006,0,15.3,15.3,2,7053670,1695820
30,1,Lillån,705367,169582,WA62616626,SE706176-733260,SE706176-733260,2007,0,4.4,4.4,1.3,7053670,1695820
30,1,Lillån,705367,169582,WA62616626,SE706176-733260,SE706176-733260,2008,0,14.5,14.5,1,7053670,1695820
30,1,Lillån,705367,169582,WA62616626,SE706176-733260,SE706176-733260,2009,0,7.5,7.5,1,7053670,1695820
30,1,Lillån,705367,169582,WA62616626,SE706176-733260,SE706176-733260,2010,0,13.3,13.3,1.7,7053670,1695820
30,1,Lillån,705367,169582,WA62616626,SE706176-733260,SE706176-733260,2011,0,17.9,17.9,1.3,7053670,1695820
30,1,Lillån,705367,169582,WA62616626,SE706176-733260,SE706176-733260,2012,0,10.9,10.9,1.7,7053670,1695820
30,1,Lillån,705367,169582,WA62616626,SE706176-733260,SE706176-733260,2013,0,11.4,11.4,2,7053670,1695820
30,1,Lillån,705367,169582,WA62616626,SE706176-733260,SE706176-733260,2014,0,11.2,11.2,1.7,7053670,1695820
30,1,Lillån,705367,169582,WA62616626,SE706176-733260,SE706176-733260,2015,0,6,6,1,7053670,1695820
30,1,Lillån,705367,169582,WA62616626,SE706176-733260,SE706176-733260,2016,0,22.4,22.4,1.7,7053670,1695820
30,1,Lillån,705367,169582,WA62616626,SE706176-733260,SE706176-733260,2017,0,17.9,17.9,1.7,7053670,1695820
30,1,Lillån,705367,169582,WA62616626,SE706176-733260,SE706176-733260,2018,0,11.4,11.4,1.7,7053670,1695820
34,10,Storselsån,706197,163689,WA13229699,SE707204-161537,SE707204-161537,1995,0,13.8,13.8,1,7061970,1636890
34,10,Storselsån,706197,163689,WA13229699,SE707204-161537,SE707204-161537,1996,0,8.8,8.8,3,7061970,1636890
34,10,Storselsån,706197,163689,WA13229699,SE707204-161537,SE707204-161537,1997,0,26.1,26.1,3.3,7061970,1636890
34,10,Storselsån,706197,163689,WA13229699,SE707204-161537,SE707204-161537,1998,0,11.7,11.7,1.7,7061970,1636890
34,10,Storselsån,706197,163689,WA13229699,SE707204-161537,SE707204-161537,1999,0,10.3,10.3,3,7061970,1636890
34,10,Storselsån,706197,163689,WA13229699,SE707204-161537,SE707204-161537,2000,0,10.1,10.1,1.3,7061970,1636890
34,10,Storselsån,706197,163689,WA13229699,SE707204-161537,SE707204-161537,2001,0,15.6,15.6,2,7061970,1636890
34,10,Storselsån,706197,163689,WA13229699,SE707204-161537,SE707204-161537,2002,0,32.2,32.2,1.3,7061970,1636890
34,10,Storselsån,706197,163689,WA13229699,SE707204-161537,SE707204-161537,2003,0,4.6,4.6,1.3,7061970,1636890
34,10,Storselsån,706197,163689,WA13229699,SE707204-161537,SE707204-161537,2004,0,10.5,10.5,1.3,7061970,1636890
34,10,Storselsån,706197,163689,WA13229699,SE707204-161537,SE707204-161537,2005,0,13.8,13.8,1.7,7061970,1636890
34,10,Storselsån,706197,163689,WA13229699,SE707204-161537,SE707204-161537,2006,0,31.3,31.3,2,7061970,1636890
34,10,Storselsån,706197,163689,WA13229699,SE707204-161537,SE707204-161537,2007,0,35.2,35.2,1.7,7061970,1636890
34,10,Storselsån,706197,163689,WA13229699,SE707204-161537,SE707204-161537,2008,0,18.7,18.7,1,7061970,1636890
34,10,Storselsån,706197,163689,WA13229699,SE707204-161537,SE707204-161537,2009,0,27.9,27.9,1.3,7061970,1636890
34,10,Storselsån,706197,163689,WA13229699,SE707204-161537,SE707204-161537,2010,0,23.3,23.3,1.3,7061970,1636890
34,10,Storselsån,706197,163689,WA13229699,SE707204-161537,SE707204-161537,2011,0,23.2,23.2,2,7061970,1636890
34,10,Storselsån,706197,163689,WA13229699,SE707204-161537,SE707204-161537,2012,0,25.2,25.2,2.7,7061970,1636890
34,10,Storselsån,706197,163689,WA13229699,SE707204-161537,SE707204-161537,2013,0,28.5,28.5,2,7061970,1636890
34,10,Storselsån,706197,163689,WA13229699,SE707204-161537,SE707204-161537,2014,0,40,40,1.5,7061970,1636890
34,10,Storselsån,706197,163689,WA13229699,SE707204-161537,SE707204-161537,2015,0,27.2,27.2,1.7,7061970,1636890
34,10,Storselsån,706197,163689,WA13229699,SE707204-161537,SE707204-161537,2016,0,32.1,32.1,1.3,7061970,1636890
34,10,Storselsån,706197,163689,WA13229699,SE707204-161537,SE707204-161537,2017,0,42.8,42.8,1.7,7061970,1636890
34,10,Storselsån,706197,163689,WA13229699,SE707204-161537,SE707204-161537,2018,0,36.5,36.5,1.5,7061970,1636890
38,8 9,Kvarnån,703596,153634,WA38909960,SE703665-153560,SE703665-153560,1991,0,29.5,29.5,4,7035960,1536340
38,8 9,Kvarnån,703596,153634,WA38909960,SE703665-153560,SE703665-153560,1996,0,15.8,15.8,2,7035960,1536340
38,8 9,Kvarnån,703596,153634,WA38909960,SE703665-153560,SE703665-153560,1997,0,12,12,4,7035960,1536340
38,8 9,Kvarnån,703596,153634,WA38909960,SE703665-153560,SE703665-153560,1998,0,16.4,16.4,4,7035960,1536340
38,8 9,Kvarnån,703596,153634,WA38909960,SE703665-153560,SE703665-153560,1999,0,85.3,85.3,5,7035960,1536340
38,8 9,Kvarnån,703596,153634,WA38909960,SE703665-153560,SE703665-153560,2000,0,63.2,63.2,5,7035960,1536340
38,8 9,Kvarnån,703596,153634,WA38909960,SE703665-153560,SE703665-153560,2007,0,21.2,21.2,3,7035960,1536340
38,8 9,Kvarnån,703596,153634,WA38909960,SE703665-153560,SE703665-153560,2008,0,12.7,12.7,4,7035960,1536340
38,8 9,Kvarnån,703596,153634,WA38909960,SE703665-153560,SE703665-153560,2009,0,10.9,10.9,2.7,7035960,1536340
38,8 9,Kvarnån,703596,153634,WA38909960,SE703665-153560,SE703665-153560,2010,0,22.2,22.2,3,7035960,1536340
38,8 9,Kvarnån,703596,153634,WA38909960,SE703665-153560,SE703665-153560,2011,0,16.5,16.5,3,7035960,1536340
38,8 9,Kvarnån,703596,153634,WA38909960,SE703665-153560,SE703665-153560,2012,0,30,30,3.7,7035960,1536340
38,8 9,Kvarnån,703596,153634,WA38909960,SE703665-153560,SE703665-153560,2013,0,17.3,17.3,3.7,7035960,1536340
38,8 9,Kvarnån,703596,153634,WA38909960,SE703665-153560,SE703665-153560,2014,0,19.6,19.6,3.7,7035960,1536340
38,8 9,Kvarnån,703596,153634,WA38909960,SE703665-153560,SE703665-153560,2015,0,14.7,14.7,3,7035960,1536340
38,8 9,Kvarnån,703596,153634,WA38909960,SE703665-153560,SE703665-153560,2016,0,28.7,28.7,3,7035960,1536340
38,8 9,Kvarnån,703596,153634,WA38909960,SE703665-153560,SE703665-153560,2017,0,24.1,24.1,3.7,7035960,1536340
38,8 9,Kvarnån,703596,153634,WA38909960,SE703665-153560,SE703665-153560,2018,0,16.5,16.5,3.7,7035960,1536340
38,37 15 1,Skansnäsån,723914,151092,WA12679259,SE724171-151176,SE724171-151176,2006,0,25.3,25.3,2,7239140,1510920
38,37 15 1,Skansnäsån,723914,151092,WA12679259,SE724171-151176,SE724171-151176,2007,0,6.1,6.1,2,7239140,1510920
38,37 15 1,Skansnäsån,723914,151092,WA12679259,SE724171-151176,SE724171-151176,2008,0,8.3,8.3,2,7239140,1510920
38,37 15 1,Skansnäsån,723914,151092,WA12679259,SE724171-151176,SE724171-151176,2009,0,3.9,3.9,2,7239140,1510920
38,37 15 1,Skansnäsån,723914,151092,WA12679259,SE724171-151176,SE724171-151176,2010,0,4,4,2,7239140,1510920
38,37 15 1,Skansnäsån,723914,151092,WA12679259,SE724171-151176,SE724171-151176,2012,0,7.1,7.1,2,7239140,1510920
38,37 15 1,Skansnäsån,723914,151092,WA12679259,SE724171-151176,SE724171-151176,2013,0,10.1,10.1,2,7239140,1510920
38,37 15 1,Skansnäsån,723914,151092,WA12679259,SE724171-151176,SE724171-151176,2014,0,15,15,2,7239140,1510920
38,37 15 1,Skansnäsån,723914,151092,WA12679259,SE724171-151176,SE724171-151176,2015,0,7,7,2,7239140,1510920
38,37 15 1,Skansnäsån,723914,151092,WA12679259,SE724171-151176,SE724171-151176,2016,0,10.7,10.7,2,7239140,1510920
38,37 15 1,Skansnäsån,723914,151092,WA12679259,SE724171-151176,SE724171-151176,2017,0,6.3,6.3,2,7239140,1510920
38,37 15 1,Skansnäsån,723914,151092,WA12679259,SE724171-151176,SE724171-151176,2018,0,6.4,6.4,2,7239140,1510920
40,39,Bastuån,701914,140092,WA38611588,SE700012-140354,SE700012-140354,1992,0,53.6,53.6,1,7019140,1400920
40,39,Bastuån,701914,140092,WA38611588,SE700012-140354,SE700012-140354,1994,0,250.7,250.7,2,7019140,1400920
40,39,Bastuån,701914,140092,WA38611588,SE700012-140354,SE700012-140354,1995,0,30,30,2,7019140,1400920
40,39,Bastuån,701914,140092,WA38611588,SE700012-140354,SE700012-140354,1996,0,176.4,176.4,1,7019140,1400920
40,39,Bastuån,701914,140092,WA38611588,SE700012-140354,SE700012-140354,1997,0,164.1,164.1,1,7019140,1400920
40,39,Bastuån,701914,140092,WA38611588,SE700012-140354,SE700012-140354,1998,0,28.4,28.4,1.7,7019140,1400920
40,39,Bastuån,701914,140092,WA38611588,SE700012-140354,SE700012-140354,1999,0,55.4,55.4,1.7,7019140,1400920
40,39,Bastuån,701914,140092,WA38611588,SE700012-140354,SE700012-140354,2000,0,53.5,53.5,1.7,7019140,1400920
40,39,Bastuån,701914,140092,WA38611588,SE700012-140354,SE700012-140354,2001,0,23.4,23.4,1.7,7019140,1400920
40,39,Bastuån,701914,140092,WA38611588,SE700012-140354,SE700012-140354,2002,0,75.3,75.3,1.3,7019140,1400920
40,39,Bastuån,701914,140092,WA38611588,SE700012-140354,SE700012-140354,2003,0,83.5,83.5,2,7019140,1400920
40,39,Bastuån,701914,140092,WA38611588,SE700012-140354,SE700012-140354,2004,0,56.4,56.4,1.3,7019140,1400920
40,39,Bastuån,701914,140092,WA38611588,SE700012-140354,SE700012-140354,2005,0,55,55,1.7,7019140,1400920
40,39,Bastuån,701914,140092,WA38611588,SE700012-140354,SE700012-140354,2006,0,118.1,118.1,2.3,7019140,1400920
40,39,Bastuån,701914,140092,WA38611588,SE700012-140354,SE700012-140354,2007,0,81.4,81.4,1.7,7019140,1400920
40,39,Bastuån,701914,140092,WA38611588,SE700012-140354,SE700012-140354,2008,0,77.9,77.9,2.3,7019140,1400920
40,39,Bastuån,701914,140092,WA38611588,SE700012-140354,SE700012-140354,2009,0,30.8,30.8,1.7,7019140,1400920
40,39,Bastuån,701914,140092,WA38611588,SE700012-140354,SE700012-140354,2010,0,23.6,23.6,1.3,7019140,1400920
40,39,Bastuån,701914,140092,WA38611588,SE700012-140354,SE700012-140354,2011,0,39.1,39.1,1.3,7019140,1400920
40,39,Bastuån,701914,140092,WA38611588,SE700012-140354,SE700012-140354,2012,0,57.3,57.3,1.3,7019140,1400920
40,39,Bastuån,701914,140092,WA38611588,SE700012-140354,SE700012-140354,2013,0,30.8,30.8,1.7,7019140,1400920
40,39,Bastuån,701914,140092,WA38611588,SE700012-140354,SE700012-140354,2014,0,39.2,39.2,1.7,7019140,1400920
40,39,Bastuån,701914,140092,WA38611588,SE700012-140354,SE700012-140354,2015,0,59.1,59.1,2,7019140,1400920
40,39,Bastuån,701914,140092,WA38611588,SE700012-140354,SE700012-140354,2016,0,58.9,58.9,2.3,7019140,1400920
40,39,Bastuån,701914,140092,WA38611588,SE700012-140354,SE700012-140354,2017,0,68.8,68.8,2,7019140,1400920
40,39,Bastuån,701914,140092,WA38611588,SE700012-140354,SE700012-140354,2018,0,98.6,98.6,2,7019140,1400920
40,16 12,Hökvattsån,708046,145404,WA75124922,SE708384-145451,SE708384-145451,2007,0,13.1,13.1,3,7080460,1454040
40,16 12,Hökvattsån,708046,145404,WA75124922,SE708384-145451,SE708384-145451,2008,0,9.8,9.8,4,7080460,1454040
40,16 12,Hökvattsån,708046,145404,WA75124922,SE708384-145451,SE708384-145451,2009,0,12.4,12.4,3.3,7080460,1454040
40,16 12,Hökvattsån,708046,145404,WA75124922,SE708384-145451,SE708384-145451,2010,0,11.7,11.7,3.8,7080460,1454040
40,16 12,Hökvattsån,708046,145404,WA75124922,SE708384-145451,SE708384-145451,2011,0,8,8,3,7080460,1454040
40,16 12,Hökvattsån,708046,145404,WA75124922,SE708384-145451,SE708384-145451,2012,0,18.9,18.9,3.5,7080460,1454040
40,16 12,Hökvattsån,708046,145404,WA75124922,SE708384-145451,SE708384-145451,2013,0,12.7,12.7,3.3,7080460,1454040
40,16 12,Hökvattsån,708046,145404,WA75124922,SE708384-145451,SE708384-145451,2014,0,16.3,16.3,3.3,7080460,1454040
40,16 12,Hökvattsån,708046,145404,WA75124922,SE708384-145451,SE708384-145451,2015,0,13,13,3,7080460,1454040
40,16 12,Hökvattsån,708046,145404,WA75124922,SE708384-145451,SE708384-145451,2016,0,18.5,18.5,3,7080460,1454040
40,16 12,Hökvattsån,708046,145404,WA75124922,SE708384-145451,SE708384-145451,2017,0,13.5,13.5,3.3,7080460,1454040
40,16 12,Hökvattsån,708046,145404,WA75124922,SE708384-145451,SE708384-145451,2018,0,12.3,12.3,3.3,7080460,1454040
40,39 5,Lekarån,699883,139547,WA55565146,SE699392-139462,SE699392-139462,1992,0,5,5,2,6998830,1395470
40,39 5,Lekarån,699883,139547,WA55565146,SE699392-139462,SE699392-139462,1994,0,8.1,8.1,2,6998830,1395470
40,39 5,Lekarån,699883,139547,WA55565146,SE699392-139462,SE699392-139462,1995,0,2.3,2.3,2,6998830,1395470
40,39 5,Lekarån,699883,139547,WA55565146,SE699392-139462,SE699392-139462,1996,0,4.4,4.4,1,6998830,1395470
40,39 5,Lekarån,699883,139547,WA55565146,SE699392-139462,SE699392-139462,1997,0,6.5,6.5,2,6998830,1395470
40,39 5,Lekarån,699883,139547,WA55565146,SE699392-139462,SE699392-139462,1999,0,20.5,20.5,2,6998830,1395470
40,39 5,Lekarån,699883,139547,WA55565146,SE699392-139462,SE699392-139462,2000,0,4.1,4.1,2,6998830,1395470
40,39 5,Lekarån,699883,139547,WA55565146,SE699392-139462,SE699392-139462,2002,0,5.6,5.6,2,6998830,1395470
40,39 5,Lekarån,699883,139547,WA55565146,SE699392-139462,SE699392-139462,2007,0,35.5,35.5,2,6998830,1395470
40,39 5,Lekarån,699883,139547,WA55565146,SE699392-139462,SE699392-139462,2008,0,14.8,14.8,1.5,6998830,1395470
40,39 5,Lekarån,699883,139547,WA55565146,SE699392-139462,SE699392-139462,2009,0,16.1,16.1,2,6998830,1395470
40,39 5,Lekarån,699883,139547,WA55565146,SE699392-139462,SE699392-139462,2010,0,10.1,10.1,1,6998830,1395470
40,39 5,Lekarån,699883,139547,WA55565146,SE699392-139462,SE699392-139462,2011,0,8.3,8.3,1,6998830,1395470
40,39 5,Lekarån,699883,139547,WA55565146,SE699392-139462,SE699392-139462,2012,0,13.9,13.9,2,6998830,1395470
40,39 5,Lekarån,699883,139547,WA55565146,SE699392-139462,SE699392-139462,2013,0,14.1,14.1,1,6998830,1395470
40,39 5,Lekarån,699883,139547,WA55565146,SE699392-139462,SE699392-139462,2014,0,15.3,15.3,1.5,6998830,1395470
40,39 5,Lekarån,699883,139547,WA55565146,SE699392-139462,SE699392-139462,2015,0,9.7,9.7,2,6998830,1395470
40,39 5,Lekarån,699883,139547,WA55565146,SE699392-139462,SE699392-139462,2016,0,6.6,6.6,1.5,6998830,1395470
40,39 5,Lekarån,699883,139547,WA55565146,SE699392-139462,SE699392-139462,2017,0,13.5,13.5,1,6998830,1395470
40,39 5,Lekarån,699883,139547,WA55565146,SE699392-139462,SE699392-139462,2018,0,22.7,22.7,2,6998830,1395470
40,1 12,Ådalsån,695650,156988,WA55967934,SE695998-156845,SE695998-156845,1990,0,42.4,42.4,1,6956500,1569880
40,1 12,Ådalsån,695650,156988,WA55967934,SE695998-156845,SE695998-156845,1991,0,33.7,33.7,1,6956500,1569880
40,1 12,Ådalsån,695650,156988,WA55967934,SE695998-156845,SE695998-156845,1992,0,27.3,27.3,1.2,6956500,1569880
40,1 12,Ådalsån,695650,156988,WA55967934,SE695998-156845,SE695998-156845,1993,0,22.4,22.4,1.4,6956500,1569880
40,1 12,Ådalsån,695650,156988,WA55967934,SE695998-156845,SE695998-156845,1994,0,64.5,64.5,1.8,6956500,1569880
40,1 12,Ådalsån,695650,156988,WA55967934,SE695998-156845,SE695998-156845,1995,0,43.5,43.5,2,6956500,1569880
40,1 12,Ådalsån,695650,156988,WA55967934,SE695998-156845,SE695998-156845,1996,0,20.7,20.7,1.6,6956500,1569880
40,1 12,Ådalsån,695650,156988,WA55967934,SE695998-156845,SE695998-156845,1997,0,35.6,35.6,1.6,6956500,1569880
40,1 12,Ådalsån,695650,156988,WA55967934,SE695998-156845,SE695998-156845,1998,0,24.7,24.7,1.8,6956500,1569880
40,1 12,Ådalsån,695650,156988,WA55967934,SE695998-156845,SE695998-156845,1999,0,36.6,36.6,2.6,6956500,1569880
40,1 12,Ådalsån,695650,156988,WA55967934,SE695998-156845,SE695998-156845,2000,0,19.7,19.7,2.6,6956500,1569880
40,1 12,Ådalsån,695650,156988,WA55967934,SE695998-156845,SE695998-156845,2001,0,22.7,22.7,2.2,6956500,1569880
40,1 12,Ådalsån,695650,156988,WA55967934,SE695998-156845,SE695998-156845,2002,0,31.6,31.6,2.6,6956500,1569880
40,1 12,Ådalsån,695650,156988,WA55967934,SE695998-156845,SE695998-156845,2003,0,16.3,16.3,1.4,6956500,1569880
40,1 12,Ådalsån,695650,156988,WA55967934,SE695998-156845,SE695998-156845,2004,0,22.8,22.8,2.4,6956500,1569880
40,1 12,Ådalsån,695650,156988,WA55967934,SE695998-156845,SE695998-156845,2005,0,22.4,22.4,2.2,6956500,1569880
40,1 12,Ådalsån,695650,156988,WA55967934,SE695998-156845,SE695998-156845,2006,0,25.9,25.9,2.8,6956500,1569880
40,1 12,Ådalsån,695650,156988,WA55967934,SE695998-156845,SE695998-156845,2007,0,30.8,30.8,2.8,6956500,1569880
40,1 12,Ådalsån,695650,156988,WA55967934,SE695998-156845,SE695998-156845,2008,0,23,23,2.8,6956500,1569880
40,1 12,Ådalsån,695650,156988,WA55967934,SE695998-156845,SE695998-156845,2009,0,14.9,14.9,2.4,6956500,1569880
40,1 12,Ådalsån,695650,156988,WA55967934,SE695998-156845,SE695998-156845,2010,0,20.9,20.9,2.4,6956500,1569880
40,1 12,Ådalsån,695650,156988,WA55967934,SE695998-156845,SE695998-156845,2011,0,14.5,14.5,2.2,6956500,1569880
40,1 12,Ådalsån,695650,156988,WA55967934,SE695998-156845,SE695998-156845,2012,0,21.2,21.2,2.6,6956500,1569880
40,1 12,Ådalsån,695650,156988,WA55967934,SE695998-156845,SE695998-156845,2013,0,18.1,18.1,2,6956500,1569880
40,1 12,Ådalsån,695650,156988,WA55967934,SE695998-156845,SE695998-156845,2014,0,22.8,22.8,2.4,6956500,1569880
40,1 12,Ådalsån,695650,156988,WA55967934,SE695998-156845,SE695998-156845,2015,0,17.3,17.3,2.8,6956500,1569880
40,1 12,Ådalsån,695650,156988,WA55967934,SE695998-156845,SE695998-156845,2016,0,21.2,21.2,2.4,6956500,1569880
40,1 12,Ådalsån,695650,156988,WA55967934,SE695998-156845,SE695998-156845,2017,0,16.3,16.3,2.8,6956500,1569880
40,1 12,Ådalsån,695650,156988,WA55967934,SE695998-156845,SE695998-156845,2018,0,14.4,14.4,2.4,6956500,1569880
42,51,Arån,696162,139931,WA11914890,SE697717-139085,SE697717-139085,1992,0,1.3,1.3,2,6961620,1399310
42,51,Arån,696162,139931,WA11914890,SE697717-139085,SE697717-139085,1995,0,1,1,2,6961620,1399310
42,51,Arån,696162,139931,WA11914890,SE697717-139085,SE697717-139085,1996,0,1.8,1.8,2,6961620,1399310
42,51,Arån,696162,139931,WA11914890,SE697717-139085,SE697717-139085,1997,0,1.4,1.4,2,6961620,1399310
42,51,Arån,696162,139931,WA11914890,SE697717-139085,SE697717-139085,1999,0,4.6,4.6,2,6961620,1399310
42,51,Arån,696162,139931,WA11914890,SE697717-139085,SE697717-139085,2000,0,3.1,3.1,2,6961620,1399310
42,51,Arån,696162,139931,WA11914890,SE697717-139085,SE697717-139085,2001,0,4.4,4.4,2,6961620,1399310
42,51,Arån,696162,139931,WA11914890,SE697717-139085,SE697717-139085,2002,0,4.1,4.1,2,6961620,1399310
42,51,Arån,696162,139931,WA11914890,SE697717-139085,SE697717-139085,2003,0,3.5,3.5,2,6961620,1399310
42,51,Arån,696162,139931,WA11914890,SE697717-139085,SE697717-139085,2004,0,2.4,2.4,2,6961620,1399310
42,51,Arån,696162,139931,WA11914890,SE697717-139085,SE697717-139085,2005,0,2.3,2.3,2,6961620,1399310
42,51,Arån,696162,139931,WA11914890,SE697717-139085,SE697717-139085,2006,0,4.7,4.7,2,6961620,1399310
42,51,Arån,696162,139931,WA11914890,SE697717-139085,SE697717-139085,2007,0,7.9,7.9,2,6961620,1399310
42,51,Arån,696162,139931,WA11914890,SE697717-139085,SE697717-139085,2008,0,2.7,2.7,2,6961620,1399310
42,51,Arån,696162,139931,WA11914890,SE697717-139085,SE697717-139085,2009,0,4.3,4.3,2,6961620,1399310
42,51,Arån,696162,139931,WA11914890,SE697717-139085,SE697717-139085,2010,0,3.1,3.1,2,6961620,1399310
42,51,Arån,696162,139931,WA11914890,SE697717-139085,SE697717-139085,2011,0,1.8,1.8,2,6961620,1399310
42,51,Arån,696162,139931,WA11914890,SE697717-139085,SE697717-139085,2012,0,4.7,4.7,2,6961620,1399310
42,51,Arån,696162,139931,WA11914890,SE697717-139085,SE697717-139085,2013,0,4,4,2,6961620,1399310
42,51,Arån,696162,139931,WA11914890,SE697717-139085,SE697717-139085,2014,0,3.7,3.7,2,6961620,1399310
42,51,Arån,696162,139931,WA11914890,SE697717-139085,SE697717-139085,2015,0,5.3,5.3,2,6961620,1399310
42,51,Arån,696162,139931,WA11914890,SE697717-139085,SE697717-139085,2016,0,3.2,3.2,2,6961620,1399310
42,51,Arån,696162,139931,WA11914890,SE697717-139085,SE697717-139085,2017,0,2.4,2.4,2,6961620,1399310
42,51,Arån,696162,139931,WA11914890,SE697717-139085,SE697717-139085,2018,0,1.9,1.9,2,6961620,1399310
42,11,Viskansbäcken,692660,153220,WA30601332,SE692738-153336,SE692738-153336,1990,0,72.3,72.3,2.5,6926600,1532200
42,11,Viskansbäcken,692660,153220,WA30601332,SE692738-153336,SE692738-153336,1991,0,73.4,73.4,1.5,6926600,1532200
42,11,Viskansbäcken,692660,153220,WA30601332,SE692738-153336,SE692738-153336,1992,0,66.8,66.8,1.5,6926600,1532200
42,11,Viskansbäcken,692660,153220,WA30601332,SE692738-153336,SE692738-153336,1993,0,20.1,20.1,1,6926600,1532200
42,11,Viskansbäcken,692660,153220,WA30601332,SE692738-153336,SE692738-153336,1994,0,74.3,74.3,2,6926600,1532200
42,11,Viskansbäcken,692660,153220,WA30601332,SE692738-153336,SE692738-153336,1995,0,31.4,31.4,2.5,6926600,1532200
42,11,Viskansbäcken,692660,153220,WA30601332,SE692738-153336,SE692738-153336,1996,0,9.5,9.5,2,6926600,1532200
42,11,Viskansbäcken,692660,153220,WA30601332,SE692738-153336,SE692738-153336,1997,0,19,19,2.3,6926600,1532200
42,11,Viskansbäcken,692660,153220,WA30601332,SE692738-153336,SE692738-153336,1999,0,21.2,21.2,2.8,6926600,1532200
42,11,Viskansbäcken,692660,153220,WA30601332,SE692738-153336,SE692738-153336,2000,0,27.8,27.8,2,6926600,1532200
42,11,Viskansbäcken,692660,153220,WA30601332,SE692738-153336,SE692738-153336,2001,0,39.4,39.4,2.3,6926600,1532200
42,11,Viskansbäcken,692660,153220,WA30601332,SE692738-153336,SE692738-153336,2002,0,28.2,28.2,2.3,6926600,1532200
42,11,Viskansbäcken,692660,153220,WA30601332,SE692738-153336,SE692738-153336,2003,0,10.6,10.6,3,6926600,1532200
42,11,Viskansbäcken,692660,153220,WA30601332,SE692738-153336,SE692738-153336,2004,0,10.6,10.6,2.3,6926600,1532200
42,11,Viskansbäcken,692660,153220,WA30601332,SE692738-153336,SE692738-153336,2005,0,9.8,9.8,2.5,6926600,1532200
42,11,Viskansbäcken,692660,153220,WA30601332,SE692738-153336,SE692738-153336,2006,0,39.5,39.5,2,6926600,1532200
42,11,Viskansbäcken,692660,153220,WA30601332,SE692738-153336,SE692738-153336,2007,0,49.6,49.6,2,6926600,1532200
42,11,Viskansbäcken,692660,153220,WA30601332,SE692738-153336,SE692738-153336,2008,0,24.2,24.2,2.3,6926600,1532200
42,11,Viskansbäcken,692660,153220,WA30601332,SE692738-153336,SE692738-153336,2009,0,24.5,24.5,1.5,6926600,1532200
42,11,Viskansbäcken,692660,153220,WA30601332,SE692738-153336,SE692738-153336,2010,0,39.4,39.4,1.8,6926600,1532200
42,11,Viskansbäcken,692660,153220,WA30601332,SE692738-153336,SE692738-153336,2011,0,25.4,25.4,2.3,6926600,1532200
42,11,Viskansbäcken,692660,153220,WA30601332,SE692738-153336,SE692738-153336,2012,0,33.8,33.8,2,6926600,1532200
42,11,Viskansbäcken,692660,153220,WA30601332,SE692738-153336,SE692738-153336,2013,0,23.3,23.3,1.5,6926600,1532200
42,11,Viskansbäcken,692660,153220,WA30601332,SE692738-153336,SE692738-153336,2014,0,31,31,1.5,6926600,1532200
42,11,Viskansbäcken,692660,153220,WA30601332,SE692738-153336,SE692738-153336,2015,0,23.5,23.5,1.8,6926600,1532200
42,11,Viskansbäcken,692660,153220,WA30601332,SE692738-153336,SE692738-153336,2016,0,31.6,31.6,2.5,6926600,1532200
42,11,Viskansbäcken,692660,153220,WA30601332,SE692738-153336,SE692738-153336,2017,0,27.3,27.3,1.5,6926600,1532200
42,11,Viskansbäcken,692660,153220,WA30601332,SE692738-153336,SE692738-153336,2018,0,26,26,1.5,6926600,1532200
45,3 1,Härån,685180,154161,WA62859200,SE684404-578511,SE684404-578511,1997,0,10.3,10.3,3,6851800,1541610
45,3 1,Härån,685180,154161,WA62859200,SE684404-578511,SE684404-578511,1998,0,4.2,4.2,2.7,6851800,1541610
45,3 1,Härån,685180,154161,WA62859200,SE684404-578511,SE684404-578511,1999,0,3.1,3.1,3.3,6851800,1541610
45,3 1,Härån,685180,154161,WA62859200,SE684404-578511,SE684404-578511,2000,0,2.8,2.8,3,6851800,1541610
45,3 1,Härån,685180,154161,WA62859200,SE684404-578511,SE684404-578511,2001,0,1.5,1.5,3.3,6851800,1541610
45,3 1,Härån,685180,154161,WA62859200,SE684404-578511,SE684404-578511,2002,0,4.4,4.4,3.7,6851800,1541610
45,3 1,Härån,685180,154161,WA62859200,SE684404-578511,SE684404-578511,2003,0,2.4,2.4,3.7,6851800,1541610
45,3 1,Härån,685180,154161,WA62859200,SE684404-578511,SE684404-578511,2004,0,3.9,3.9,3.7,6851800,1541610
45,3 1,Härån,685180,154161,WA62859200,SE684404-578511,SE684404-578511,2005,0,2,2,3.7,6851800,1541610
45,3 1,Härån,685180,154161,WA62859200,SE684404-578511,SE684404-578511,2006,0,3.2,3.2,3.7,6851800,1541610
45,3 1,Härån,685180,154161,WA62859200,SE684404-578511,SE684404-578511,2007,0,7.6,7.6,3.7,6851800,1541610
45,3 1,Härån,685180,154161,WA62859200,SE684404-578511,SE684404-578511,2008,0,4.2,4.2,3.3,6851800,1541610
45,3 1,Härån,685180,154161,WA62859200,SE684404-578511,SE684404-578511,2009,0,3.5,3.5,3.3,6851800,1541610
45,3 1,Härån,685180,154161,WA62859200,SE684404-578511,SE684404-578511,2010,0,2.5,2.5,3.7,6851800,1541610
45,3 1,Härån,685180,154161,WA62859200,SE684404-578511,SE684404-578511,2011,0,2.5,2.5,3.3,6851800,1541610
45,3 1,Härån,685180,154161,WA62859200,SE684404-578511,SE684404-578511,2012,0,3.9,3.9,3.3,6851800,1541610
45,3 1,Härån,685180,154161,WA62859200,SE684404-578511,SE684404-578511,2013,0,3.8,3.8,3.3,6851800,1541610
45,3 1,Härån,685180,154161,WA62859200,SE684404-578511,SE684404-578511,2014,0,4.5,4.5,3.7,6851800,1541610
45,3 1,Härån,685180,154161,WA62859200,SE684404-578511,SE684404-578511,2015,0,2.2,2.2,3.3,6851800,1541610
45,3 1,Härån,685180,154161,WA62859200,SE684404-578511,SE684404-578511,2016,0,3.2,3.2,3,6851800,1541610
45,3 1,Härån,685180,154161,WA62859200,SE684404-578511,SE684404-578511,2017,0,2.5,2.5,3.3,6851800,1541610
45,3 1,Härån,685180,154161,WA62859200,SE684404-578511,SE684404-578511,2018,0,2.6,2.6,3.3,6851800,1541610
48,41,Hammarbäcken,689061,140561,WA71072371,SE688271-138240,SE688271-138240,1990,0,19.6,19.6,2,6890610,1405610
48,41,Hammarbäcken,689061,140561,WA71072371,SE688271-138240,SE688271-138240,1991,0,4,4,1,6890610,1405610
48,41,Hammarbäcken,689061,140561,WA71072371,SE688271-138240,SE688271-138240,1992,0,9.3,9.3,2,6890610,1405610
48,41,Hammarbäcken,689061,140561,WA71072371,SE688271-138240,SE688271-138240,1994,0,12.5,12.5,2,6890610,1405610
48,41,Hammarbäcken,689061,140561,WA71072371,SE688271-138240,SE688271-138240,2002,0,17.8,17.8,1,6890610,1405610
48,41,Hammarbäcken,689061,140561,WA71072371,SE688271-138240,SE688271-138240,2005,0,19.7,19.7,2,6890610,1405610
48,41,Hammarbäcken,689061,140561,WA71072371,SE688271-138240,SE688271-138240,2006,0,9.7,9.7,1,6890610,1405610
48,41,Hammarbäcken,689061,140561,WA71072371,SE688271-138240,SE688271-138240,2007,0,20.7,20.7,1.3,6890610,1405610
48,41,Hammarbäcken,689061,140561,WA71072371,SE688271-138240,SE688271-138240,2008,0,14,14,2,6890610,1405610
48,41,Hammarbäcken,689061,140561,WA71072371,SE688271-138240,SE688271-138240,2009,0,12.1,12.1,1.3,6890610,1405610
48,41,Hammarbäcken,689061,140561,WA71072371,SE688271-138240,SE688271-138240,2010,0,12.6,12.6,1.7,6890610,1405610
48,41,Hammarbäcken,689061,140561,WA71072371,SE688271-138240,SE688271-138240,2011,0,13.2,13.2,1,6890610,1405610
48,41,Hammarbäcken,689061,140561,WA71072371,SE688271-138240,SE688271-138240,2012,0,16.2,16.2,1,6890610,1405610
48,41,Hammarbäcken,689061,140561,WA71072371,SE688271-138240,SE688271-138240,2013,0,9.1,9.1,1,6890610,1405610
48,41,Hammarbäcken,689061,140561,WA71072371,SE688271-138240,SE688271-138240,2014,0,14.7,14.7,1,6890610,1405610
48,41,Hammarbäcken,689061,140561,WA71072371,SE688271-138240,SE688271-138240,2015,0,8.5,8.5,1,6890610,1405610
48,41,Hammarbäcken,689061,140561,WA71072371,SE688271-138240,SE688271-138240,2016,0,7.2,7.2,1,6890610,1405610
48,41,Hammarbäcken,689061,140561,WA71072371,SE688271-138240,SE688271-138240,2017,0,5.5,5.5,1,6890610,1405610
48,41,Hammarbäcken,689061,140561,WA71072371,SE688271-138240,SE688271-138240,2018,0,22,22,1.7,6890610,1405610
52,12,Björnbackån,673710,153920,WA90144389,SE673902-577077,SE673902-577077,1997,0,25.6,25.6,3,6737100,1539200
52,12,Björnbackån,673710,153920,WA90144389,SE673902-577077,SE673902-577077,1998,0,9.9,9.9,2,6737100,1539200
52,12,Björnbackån,673710,153920,WA90144389,SE673902-577077,SE673902-577077,1999,0,24.7,24.7,3,6737100,1539200
52,12,Björnbackån,673710,153920,WA90144389,SE673902-577077,SE673902-577077,2000,0,28.4,28.4,2,6737100,1539200
52,12,Björnbackån,673710,153920,WA90144389,SE673902-577077,SE673902-577077,2002,0,32.1,32.1,2,6737100,1539200
52,12,Björnbackån,673710,153920,WA90144389,SE673902-577077,SE673902-577077,2003,0,25.3,25.3,4,6737100,1539200
52,12,Björnbackån,673710,153920,WA90144389,SE673902-577077,SE673902-577077,2004,0,28,28,4,6737100,1539200
52,12,Björnbackån,673710,153920,WA90144389,SE673902-577077,SE673902-577077,2005,0,19.3,19.3,2,6737100,1539200
52,12,Björnbackån,673710,153920,WA90144389,SE673902-577077,SE673902-577077,2006,0,26.7,26.7,3,6737100,1539200
52,12,Björnbackån,673710,153920,WA90144389,SE673902-577077,SE673902-577077,2007,0,25.8,25.8,3,6737100,1539200
52,12,Björnbackån,673710,153920,WA90144389,SE673902-577077,SE673902-577077,2008,0,17,17,2.5,6737100,1539200
52,12,Björnbackån,673710,153920,WA90144389,SE673902-577077,SE673902-577077,2009,0,9.8,9.8,1.5,6737100,1539200
52,12,Björnbackån,673710,153920,WA90144389,SE673902-577077,SE673902-577077,2010,0,16.9,16.9,2,6737100,1539200
52,12,Björnbackån,673710,153920,WA90144389,SE673902-577077,SE673902-577077,2011,0,13.3,13.3,1.5,6737100,1539200
52,12,Björnbackån,673710,153920,WA90144389,SE673902-577077,SE673902-577077,2012,0,17.6,17.6,2,6737100,1539200
52,12,Björnbackån,673710,153920,WA90144389,SE673902-577077,SE673902-577077,2013,0,16.7,16.7,3,6737100,1539200
52,12,Björnbackån,673710,153920,WA90144389,SE673902-577077,SE673902-577077,2014,0,21.5,21.5,2,6737100,1539200
52,12,Björnbackån,673710,153920,WA90144389,SE673902-577077,SE673902-577077,2015,0,11.9,11.9,2,6737100,1539200
52,12,Björnbackån,673710,153920,WA90144389,SE673902-577077,SE673902-577077,2016,0,19,19,2,6737100,1539200
52,12,Björnbackån,673710,153920,WA90144389,SE673902-577077,SE673902-577077,2017,0,14.1,14.1,1.5,6737100,1539200
52,12,Björnbackån,673710,153920,WA90144389,SE673902-577077,SE673902-577077,2018,0,17.2,17.2,1.5,6737100,1539200
52,12 1,Sörjabäcken,673809,153401,WA86962872,SE673813-153174,SE673813-153174,1994,0,7.5,7.5,4,6738090,1534010
52,12 1,Sörjabäcken,673809,153401,WA86962872,SE673813-153174,SE673813-153174,1995,0,4.9,4.9,3,6738090,1534010
52,12 1,Sörjabäcken,673809,153401,WA86962872,SE673813-153174,SE673813-153174,1996,0,16.3,16.3,3,6738090,1534010
52,12 1,Sörjabäcken,673809,153401,WA86962872,SE673813-153174,SE673813-153174,1997,0,21.6,21.6,3.5,6738090,1534010
52,12 1,Sörjabäcken,673809,153401,WA86962872,SE673813-153174,SE673813-153174,1998,0,20.1,20.1,3,6738090,1534010
52,12 1,Sörjabäcken,673809,153401,WA86962872,SE673813-153174,SE673813-153174,1999,0,19.2,19.2,3.2,6738090,1534010
52,12 1,Sörjabäcken,673809,153401,WA86962872,SE673813-153174,SE673813-153174,2000,0,20.2,20.2,3.8,6738090,1534010
52,12 1,Sörjabäcken,673809,153401,WA86962872,SE673813-153174,SE673813-153174,2001,0,13,13,2.2,6738090,1534010
52,12 1,Sörjabäcken,673809,153401,WA86962872,SE673813-153174,SE673813-153174,2002,0,16.8,16.8,3.8,6738090,1534010
52,12 1,Sörjabäcken,673809,153401,WA86962872,SE673813-153174,SE673813-153174,2003,0,9.2,9.2,2.8,6738090,1534010
52,12 1,Sörjabäcken,673809,153401,WA86962872,SE673813-153174,SE673813-153174,2004,0,9.6,9.6,3,6738090,1534010
52,12 1,Sörjabäcken,673809,153401,WA86962872,SE673813-153174,SE673813-153174,2005,0,12.5,12.5,2.6,6738090,1534010
52,12 1,Sörjabäcken,673809,153401,WA86962872,SE673813-153174,SE673813-153174,2006,0,12.3,12.3,3,6738090,1534010
52,12 1,Sörjabäcken,673809,153401,WA86962872,SE673813-153174,SE673813-153174,2007,0,17.9,17.9,3.8,6738090,1534010
52,12 1,Sörjabäcken,673809,153401,WA86962872,SE673813-153174,SE673813-153174,2008,0,13.6,13.6,2.6,6738090,1534010
52,12 1,Sörjabäcken,673809,153401,WA86962872,SE673813-153174,SE673813-153174,2009,0,7.7,7.7,2.6,6738090,1534010
52,12 1,Sörjabäcken,673809,153401,WA86962872,SE673813-153174,SE673813-153174,2010,0,10.6,10.6,2.6,6738090,1534010
52,12 1,Sörjabäcken,673809,153401,WA86962872,SE673813-153174,SE673813-153174,2011,0,11,11,2.4,6738090,1534010
52,12 1,Sörjabäcken,673809,153401,WA86962872,SE673813-153174,SE673813-153174,2012,0,14.7,14.7,2.4,6738090,1534010
52,12 1,Sörjabäcken,673809,153401,WA86962872,SE673813-153174,SE673813-153174,2013,0,12.3,12.3,3.4,6738090,1534010
52,12 1,Sörjabäcken,673809,153401,WA86962872,SE673813-153174,SE673813-153174,2014,0,18.9,18.9,3.2,6738090,1534010
52,12 1,Sörjabäcken,673809,153401,WA86962872,SE673813-153174,SE673813-153174,2015,0,13.9,13.9,3.2,6738090,1534010
52,12 1,Sörjabäcken,673809,153401,WA86962872,SE673813-153174,SE673813-153174,2016,0,14.7,14.7,2.8,6738090,1534010
52,12 1,Sörjabäcken,673809,153401,WA86962872,SE673813-153174,SE673813-153174,2017,0,13.5,13.5,3,6738090,1534010
52,12 1,Sörjabäcken,673809,153401,WA86962872,SE673813-153174,SE673813-153174,2018,0,8.7,8.7,2.8,6738090,1534010
53,26,Bjurforsbäcken,667011,151966,WA11915510,SE666830-151744,SE666830-151744,2001,0,1.8,1.8,1,6670110,1519660
53,26,Bjurforsbäcken,667011,151966,WA11915510,SE666830-151744,SE666830-151744,2007,0,16.1,16.1,2.3,6670110,1519660
53,26,Bjurforsbäcken,667011,151966,WA11915510,SE666830-151744,SE666830-151744,2008,0,17.6,17.6,2.7,6670110,1519660
53,26,Bjurforsbäcken,667011,151966,WA11915510,SE666830-151744,SE666830-151744,2009,0,15.8,15.8,2.7,6670110,1519660
53,26,Bjurforsbäcken,667011,151966,WA11915510,SE666830-151744,SE666830-151744,2010,0,27,27,2,6670110,1519660
53,26,Bjurforsbäcken,667011,151966,WA11915510,SE666830-151744,SE666830-151744,2011,0,5.5,5.5,2,6670110,1519660
53,26,Bjurforsbäcken,667011,151966,WA11915510,SE666830-151744,SE666830-151744,2012,0,34.5,34.5,2,6670110,1519660
53,26,Bjurforsbäcken,667011,151966,WA11915510,SE666830-151744,SE666830-151744,2013,0,22.4,22.4,1.3,6670110,1519660
53,26,Bjurforsbäcken,667011,151966,WA11915510,SE666830-151744,SE666830-151744,2014,0,7.5,7.5,2,6670110,1519660
53,26,Bjurforsbäcken,667011,151966,WA11915510,SE666830-151744,SE666830-151744,2015,0,10.4,10.4,2.3,6670110,1519660
53,26,Bjurforsbäcken,667011,151966,WA11915510,SE666830-151744,SE666830-151744,2016,0,41.9,41.9,2,6670110,1519660
53,26,Bjurforsbäcken,667011,151966,WA11915510,SE666830-151744,SE666830-151744,2017,0,41.1,41.1,1.8,6670110,1519660
53,26,Bjurforsbäcken,667011,151966,WA11915510,SE666830-151744,SE666830-151744,2018,0,9.7,9.7,1.7,6670110,1519660
61,46 5 2,Laxbäcken,662341,148103,WA13162462,SE663532-523976,SE663532-523976,1990,0,1.8,1.8,1,6623410,1481030
61,46 5 2,Laxbäcken,662341,148103,WA13162462,SE663532-523976,SE663532-523976,1991,0,1.7,1.7,1,6623410,1481030
61,46 5 2,Laxbäcken,662341,148103,WA13162462,SE663532-523976,SE663532-523976,1992,0,14.3,14.3,1,6623410,1481030
61,46 5 2,Laxbäcken,662341,148103,WA13162462,SE663532-523976,SE663532-523976,1995,0,2.7,2.7,1,6623410,1481030
61,46 5 2,Laxbäcken,662341,148103,WA13162462,SE663532-523976,SE663532-523976,1996,0,3.2,3.2,0.5,6623410,1481030
61,46 5 2,Laxbäcken,662341,148103,WA13162462,SE663532-523976,SE663532-523976,1997,0,2,2,1,6623410,1481030
61,46 5 2,Laxbäcken,662341,148103,WA13162462,SE663532-523976,SE663532-523976,1998,0,3.3,3.3,1,6623410,1481030
61,46 5 2,Laxbäcken,662341,148103,WA13162462,SE663532-523976,SE663532-523976,1999,0,5.4,5.4,1,6623410,1481030
61,46 5 2,Laxbäcken,662341,148103,WA13162462,SE663532-523976,SE663532-523976,2000,0,4.5,4.5,1,6623410,1481030
61,46 5 2,Laxbäcken,662341,148103,WA13162462,SE663532-523976,SE663532-523976,2001,0,3.6,3.6,1,6623410,1481030
61,46 5 2,Laxbäcken,662341,148103,WA13162462,SE663532-523976,SE663532-523976,2002,0,1.5,1.5,1,6623410,1481030
61,46 5 2,Laxbäcken,662341,148103,WA13162462,SE663532-523976,SE663532-523976,2003,0,0.6,0.6,1.5,6623410,1481030
61,46 5 2,Laxbäcken,662341,148103,WA13162462,SE663532-523976,SE663532-523976,2004,0,2.6,2.6,1,6623410,1481030
61,46 5 2,Laxbäcken,662341,148103,WA13162462,SE663532-523976,SE663532-523976,2005,0,3,3,1,6623410,1481030
61,46 5 2,Laxbäcken,662341,148103,WA13162462,SE663532-523976,SE663532-523976,2006,0,6.6,6.6,1,6623410,1481030
61,46 5 2,Laxbäcken,662341,148103,WA13162462,SE663532-523976,SE663532-523976,2007,0,3,3,1,6623410,1481030
61,46 5 2,Laxbäcken,662341,148103,WA13162462,SE663532-523976,SE663532-523976,2008,0,3.3,3.3,1,6623410,1481030
61,46 5 2,Laxbäcken,662341,148103,WA13162462,SE663532-523976,SE663532-523976,2009,0,7,7,1,6623410,1481030
61,46 5 2,Laxbäcken,662341,148103,WA13162462,SE663532-523976,SE663532-523976,2010,0,7.9,7.9,1,6623410,1481030
61,46 5 2,Laxbäcken,662341,148103,WA13162462,SE663532-523976,SE663532-523976,2011,0,10.5,10.5,1,6623410,1481030
61,46 5 2,Laxbäcken,662341,148103,WA13162462,SE663532-523976,SE663532-523976,2012,0,6.4,6.4,1,6623410,1481030
61,46 5 2,Laxbäcken,662341,148103,WA13162462,SE663532-523976,SE663532-523976,2013,0,6.6,6.6,1,6623410,1481030
61,46 5 2,Laxbäcken,662341,148103,WA13162462,SE663532-523976,SE663532-523976,2014,0,3.6,3.6,1,6623410,1481030
61,46 5 2,Laxbäcken,662341,148103,WA13162462,SE663532-523976,SE663532-523976,2015,0,5,5,1,6623410,1481030
61,46 5 2,Laxbäcken,662341,148103,WA13162462,SE663532-523976,SE663532-523976,2016,0,11,11,1,6623410,1481030
61,46 5 2,Laxbäcken,662341,148103,WA13162462,SE663532-523976,SE663532-523976,2017,0,14.9,14.9,1,6623410,1481030
61,46 5 2,Laxbäcken,662341,148103,WA13162462,SE663532-523976,SE663532-523976,2018,0,8.7,8.7,1,6623410,1481030
74,17,Lillån,636524,148125,WA99240897,SE636806-147459,SE636806-147459,2002,0,39.7,39.7,2,6365240,1481250
74,17,Lillån,636524,148125,WA99240897,SE636806-147459,SE636806-147459,2004,0,26,26,2,6365240,1481250
74,17,Lillån,636524,148125,WA99240897,SE636806-147459,SE636806-147459,2005,0,27.9,27.9,3,6365240,1481250
74,17,Lillån,636524,148125,WA99240897,SE636806-147459,SE636806-147459,2006,0,25.1,25.1,3,6365240,1481250
74,17,Lillån,636524,148125,WA99240897,SE636806-147459,SE636806-147459,2007,0,17.6,17.6,2,6365240,1481250
74,17,Lillån,636524,148125,WA99240897,SE636806-147459,SE636806-147459,2008,0,17.3,17.3,2,6365240,1481250
74,17,Lillån,636524,148125,WA99240897,SE636806-147459,SE636806-147459,2009,0,16,16,3,6365240,1481250
74,17,Lillån,636524,148125,WA99240897,SE636806-147459,SE636806-147459,2010,0,13.2,13.2,2,6365240,1481250
74,17,Lillån,636524,148125,WA99240897,SE636806-147459,SE636806-147459,2011,0,24.8,24.8,3,6365240,1481250
74,17,Lillån,636524,148125,WA99240897,SE636806-147459,SE636806-147459,2012,0,48.4,48.4,3,6365240,1481250
74,17,Lillån,636524,148125,WA99240897,SE636806-147459,SE636806-147459,2013,0,21.9,21.9,3,6365240,1481250
74,17,Lillån,636524,148125,WA99240897,SE636806-147459,SE636806-147459,2014,0,24.4,24.4,3,6365240,1481250
74,17,Lillån,636524,148125,WA99240897,SE636806-147459,SE636806-147459,2015,0,23.6,23.6,2,6365240,1481250
74,17,Lillån,636524,148125,WA99240897,SE636806-147459,SE636806-147459,2016,0,46.3,46.3,3,6365240,1481250
74,17,Lillån,636524,148125,WA99240897,SE636806-147459,SE636806-147459,2017,0,17,17,3,6365240,1481250
74,17,Lillån,636524,148125,WA99240897,SE636806-147459,SE636806-147459,2018,0,24.6,24.6,2,6365240,1481250
74,12 3,Silverån,638676,148951,WA45704566,SE639676-147775,SE639676-147775,2001,0,3.2,3.2,4,6386760,1489510
74,12 3,Silverån,638676,148951,WA45704566,SE639676-147775,SE639676-147775,2007,0,5.4,5.4,4.3,6386760,1489510
74,12 3,Silverån,638676,148951,WA45704566,SE639676-147775,SE639676-147775,2008,0,8.9,8.9,4,6386760,1489510
74,12 3,Silverån,638676,148951,WA45704566,SE639676-147775,SE639676-147775,2009,0,12.1,12.1,3.8,6386760,1489510
74,12 3,Silverån,638676,148951,WA45704566,SE639676-147775,SE639676-147775,2010,0,4.6,4.6,4,6386760,1489510
74,12 3,Silverån,638676,148951,WA45704566,SE639676-147775,SE639676-147775,2011,0,5.5,5.5,4.3,6386760,1489510
74,12 3,Silverån,638676,148951,WA45704566,SE639676-147775,SE639676-147775,2012,0,7.3,7.3,4.5,6386760,1489510
74,12 3,Silverån,638676,148951,WA45704566,SE639676-147775,SE639676-147775,2013,0,8,8,4.3,6386760,1489510
74,12 3,Silverån,638676,148951,WA45704566,SE639676-147775,SE639676-147775,2014,0,5.7,5.7,4,6386760,1489510
74,12 3,Silverån,638676,148951,WA45704566,SE639676-147775,SE639676-147775,2015,0,7.7,7.7,3.8,6386760,1489510
74,12 3,Silverån,638676,148951,WA45704566,SE639676-147775,SE639676-147775,2016,0,21.2,21.2,4.3,6386760,1489510
74,12 3,Silverån,638676,148951,WA45704566,SE639676-147775,SE639676-147775,2017,0,11.5,11.5,4.3,6386760,1489510
74,12 3,Silverån,638676,148951,WA45704566,SE639676-147775,SE639676-147775,2018,0,5.9,5.9,3.8,6386760,1489510
87,9,Tosthultsån,624495,141023,WA87719053,SE625442-141314,SE625442-141314,1990,0,11.4,11.4,3,6244950,1410230
87,9,Tosthultsån,624495,141023,WA87719053,SE625442-141314,SE625442-141314,1996,0,15.7,15.7,1.7,6244950,1410230
87,9,Tosthultsån,624495,141023,WA87719053,SE625442-141314,SE625442-141314,1997,0,6,6,2.7,6244950,1410230
87,9,Tosthultsån,624495,141023,WA87719053,SE625442-141314,SE625442-141314,1998,0,1.3,1.3,1.3,6244950,1410230
87,9,Tosthultsån,624495,141023,WA87719053,SE625442-141314,SE625442-141314,1999,0,2.9,2.9,2,6244950,1410230
87,9,Tosthultsån,624495,141023,WA87719053,SE625442-141314,SE625442-141314,2000,0,12.2,12.2,2,6244950,1410230
87,9,Tosthultsån,624495,141023,WA87719053,SE625442-141314,SE625442-141314,2001,0,18.7,18.7,1.7,6244950,1410230
87,9,Tosthultsån,624495,141023,WA87719053,SE625442-141314,SE625442-141314,2002,0,16.6,16.6,3,6244950,1410230
87,9,Tosthultsån,624495,141023,WA87719053,SE625442-141314,SE625442-141314,2003,0,18.1,18.1,2.3,6244950,1410230
87,9,Tosthultsån,624495,141023,WA87719053,SE625442-141314,SE625442-141314,2004,0,9.4,9.4,2.7,6244950,1410230
87,9,Tosthultsån,624495,141023,WA87719053,SE625442-141314,SE625442-141314,2005,0,30.2,30.2,3.3,6244950,1410230
87,9,Tosthultsån,624495,141023,WA87719053,SE625442-141314,SE625442-141314,2006,0,16.2,16.2,2.7,6244950,1410230
87,9,Tosthultsån,624495,141023,WA87719053,SE625442-141314,SE625442-141314,2007,0,7.6,7.6,2.3,6244950,1410230
87,9,Tosthultsån,624495,141023,WA87719053,SE625442-141314,SE625442-141314,2008,0,19.1,19.1,2.3,6244950,1410230
87,9,Tosthultsån,624495,141023,WA87719053,SE625442-141314,SE625442-141314,2009,0,31.2,31.2,2.7,6244950,1410230
87,9,Tosthultsån,624495,141023,WA87719053,SE625442-141314,SE625442-141314,2010,0,7.4,7.4,3,6244950,1410230
87,9,Tosthultsån,624495,141023,WA87719053,SE625442-141314,SE625442-141314,2011,0,5,5,2.3,6244950,1410230
87,9,Tosthultsån,624495,141023,WA87719053,SE625442-141314,SE625442-141314,2012,0,8.4,8.4,2.3,6244950,1410230
87,9,Tosthultsån,624495,141023,WA87719053,SE625442-141314,SE625442-141314,2013,0,20.5,20.5,2.7,6244950,1410230
87,9,Tosthultsån,624495,141023,WA87719053,SE625442-141314,SE625442-141314,2014,0,8,8,3.3,6244950,1410230
87,9,Tosthultsån,624495,141023,WA87719053,SE625442-141314,SE625442-141314,2015,0,18.2,18.2,3.3,6244950,1410230
87,9,Tosthultsån,624495,141023,WA87719053,SE625442-141314,SE625442-141314,2016,0,33,33,2,6244950,1410230
87,9,Tosthultsån,624495,141023,WA87719053,SE625442-141314,SE625442-141314,2017,0,18.3,18.3,3,6244950,1410230
87,9,Tosthultsån,624495,141023,WA87719053,SE625442-141314,SE625442-141314,2018,0,14.3,14.3,2.3,6244950,1410230
88089,0,Verkaån,617839,139894,WA82206081,SE617710-138599,SE617710-138599,1992,0,189.1,189.1,3,6178390,1398940
88089,0,Verkaån,617839,139894,WA82206081,SE617710-138599,SE617710-138599,1994,0,27.1,27.1,3.5,6178390,1398940
88089,0,Verkaån,617839,139894,WA82206081,SE617710-138599,SE617710-138599,1998,0,66.7,66.7,4,6178390,1398940
88089,0,Verkaån,617839,139894,WA82206081,SE617710-138599,SE617710-138599,2000,0,74.6,74.6,3.4,6178390,1398940
88089,0,Verkaån,617839,139894,WA82206081,SE617710-138599,SE617710-138599,2002,0,88.3,88.3,3.6,6178390,1398940
88089,0,Verkaån,617839,139894,WA82206081,SE617710-138599,SE617710-138599,2003,0,84.1,84.1,3.4,6178390,1398940
88089,0,Verkaån,617839,139894,WA82206081,SE617710-138599,SE617710-138599,2004,0,48.6,48.6,3.2,6178390,1398940
88089,0,Verkaån,617839,139894,WA82206081,SE617710-138599,SE617710-138599,2005,0,79.8,79.8,3.6,6178390,1398940
88089,0,Verkaån,617839,139894,WA82206081,SE617710-138599,SE617710-138599,2006,0,53.2,53.2,3.8,6178390,1398940
88089,0,Verkaån,617839,139894,WA82206081,SE617710-138599,SE617710-138599,2007,0,29.9,29.9,2.2,6178390,1398940
88089,0,Verkaån,617839,139894,WA82206081,SE617710-138599,SE617710-138599,2008,0.5,48.1,48.7,2.6,6178390,1398940
88089,0,Verkaån,617839,139894,WA82206081,SE617710-138599,SE617710-138599,2009,0.1,23.2,23.3,3.2,6178390,1398940
88089,0,Verkaån,617839,139894,WA82206081,SE617710-138599,SE617710-138599,2010,0,53.1,53.1,3,6178390,1398940
88089,0,Verkaån,617839,139894,WA82206081,SE617710-138599,SE617710-138599,2011,0.1,23.8,23.9,2.4,6178390,1398940
88089,0,Verkaån,617839,139894,WA82206081,SE617710-138599,SE617710-138599,2012,0.2,73.7,73.9,3.4,6178390,1398940
88089,0,Verkaån,617839,139894,WA82206081,SE617710-138599,SE617710-138599,2013,0,37.6,37.6,2.2,6178390,1398940
88089,0,Verkaån,617839,139894,WA82206081,SE617710-138599,SE617710-138599,2014,0.2,55.5,55.7,3.2,6178390,1398940
88089,0,Verkaån,617839,139894,WA82206081,SE617710-138599,SE617710-138599,2015,1.2,51.6,52.9,3.6,6178390,1398940
88089,0,Verkaån,617839,139894,WA82206081,SE617710-138599,SE617710-138599,2016,0.2,45.3,45.5,3.2,6178390,1398940
88089,0,Verkaån,617839,139894,WA82206081,SE617710-138599,SE617710-138599,2017,0,42.2,42.2,2.6,6178390,1398940
88089,0,Verkaån,617839,139894,WA82206081,SE617710-138599,SE617710-138599,2018,0,53.3,53.3,3.4,6178390,1398940
96,6,Skärån,622167,133628,WA32370039,SE621643-134041,SE621643-134041,1997,0,15.1,15.1,3,6221670,1336280
96,6,Skärån,622167,133628,WA32370039,SE621643-134041,SE621643-134041,1999,0,10.6,10.6,1,6221670,1336280
96,6,Skärån,622167,133628,WA32370039,SE621643-134041,SE621643-134041,2000,0,27.9,27.9,3,6221670,1336280
96,6,Skärån,622167,133628,WA32370039,SE621643-134041,SE621643-134041,2001,0,35.6,35.6,2.5,6221670,1336280
96,6,Skärån,622167,133628,WA32370039,SE621643-134041,SE621643-134041,2002,0,35.6,35.6,2.5,6221670,1336280
96,6,Skärån,622167,133628,WA32370039,SE621643-134041,SE621643-134041,2003,0,31.7,31.7,2,6221670,1336280
96,6,Skärån,622167,133628,WA32370039,SE621643-134041,SE621643-134041,2004,0,32.7,32.7,2.3,6221670,1336280
96,6,Skärån,622167,133628,WA32370039,SE621643-134041,SE621643-134041,2005,0,38.9,38.9,2,6221670,1336280
96,6,Skärån,622167,133628,WA32370039,SE621643-134041,SE621643-134041,2006,0,40,40,2.3,6221670,1336280
96,6,Skärån,622167,133628,WA32370039,SE621643-134041,SE621643-134041,2007,0,34.8,34.8,1.3,6221670,1336280
96,6,Skärån,622167,133628,WA32370039,SE621643-134041,SE621643-134041,2008,0,46.4,46.4,1.3,6221670,1336280
96,6,Skärån,622167,133628,WA32370039,SE621643-134041,SE621643-134041,2009,0,38.4,38.4,1.7,6221670,1336280
96,6,Skärån,622167,133628,WA32370039,SE621643-134041,SE621643-134041,2010,0,29.8,29.8,1,6221670,1336280
96,6,Skärån,622167,133628,WA32370039,SE621643-134041,SE621643-134041,2011,0,11.2,11.2,1,6221670,1336280
96,6,Skärån,622167,133628,WA32370039,SE621643-134041,SE621643-134041,2012,0,30.8,30.8,1,6221670,1336280
96,6,Skärån,622167,133628,WA32370039,SE621643-134041,SE621643-134041,2013,0,25.3,25.3,1,6221670,1336280
96,6,Skärån,622167,133628,WA32370039,SE621643-134041,SE621643-134041,2014,0,30.6,30.6,1.3,6221670,1336280
96,6,Skärån,622167,133628,WA32370039,SE621643-134041,SE621643-134041,2015,0,20,20,1.7,6221670,1336280
96,6,Skärån,622167,133628,WA32370039,SE621643-134041,SE621643-134041,2016,0,30,30,1.7,6221670,1336280
96,6,Skärån,622167,133628,WA32370039,SE621643-134041,SE621643-134041,2017,0,26.4,26.4,2,6221670,1336280
96,6,Skärån,622167,133628,WA32370039,SE621643-134041,SE621643-134041,2018,0,44.5,44.5,1.7,6221670,1336280
98,4 3,Blankan,627329,134657,WA56955874,SE627958-134477,SE627958-134477,1991,0,27.6,27.6,3,6273290,1346570
98,4 3,Blankan,627329,134657,WA56955874,SE627958-134477,SE627958-134477,1993,0,16.5,16.5,2.5,6273290,1346570
98,4 3,Blankan,627329,134657,WA56955874,SE627958-134477,SE627958-134477,1994,0,55.6,55.6,3,6273290,1346570
98,4 3,Blankan,627329,134657,WA56955874,SE627958-134477,SE627958-134477,1995,0,22,22,3,6273290,1346570
98,4 3,Blankan,627329,134657,WA56955874,SE627958-134477,SE627958-134477,1996,0,18.3,18.3,3,6273290,1346570
98,4 3,Blankan,627329,134657,WA56955874,SE627958-134477,SE627958-134477,1997,0,10.4,10.4,2.7,6273290,1346570
98,4 3,Blankan,627329,134657,WA56955874,SE627958-134477,SE627958-134477,1998,0,14.2,14.2,2,6273290,1346570
98,4 3,Blankan,627329,134657,WA56955874,SE627958-134477,SE627958-134477,1999,0,11.6,11.6,2.7,6273290,1346570
98,4 3,Blankan,627329,134657,WA56955874,SE627958-134477,SE627958-134477,2000,0,15.8,15.8,3.5,6273290,1346570
98,4 3,Blankan,627329,134657,WA56955874,SE627958-134477,SE627958-134477,2001,0,9.2,9.2,2.7,6273290,1346570
98,4 3,Blankan,627329,134657,WA56955874,SE627958-134477,SE627958-134477,2002,0,8.1,8.1,3.3,6273290,1346570
98,4 3,Blankan,627329,134657,WA56955874,SE627958-134477,SE627958-134477,2003,0,6.2,6.2,2.7,6273290,1346570
98,4 3,Blankan,627329,134657,WA56955874,SE627958-134477,SE627958-134477,2004,0,2.7,2.7,1.7,6273290,1346570
98,4 3,Blankan,627329,134657,WA56955874,SE627958-134477,SE627958-134477,2005,0,7.6,7.6,2.7,6273290,1346570
98,4 3,Blankan,627329,134657,WA56955874,SE627958-134477,SE627958-134477,2006,0,8.9,8.9,2.3,6273290,1346570
98,4 3,Blankan,627329,134657,WA56955874,SE627958-134477,SE627958-134477,2007,0,2.3,2.3,2.3,6273290,1346570
98,4 3,Blankan,627329,134657,WA56955874,SE627958-134477,SE627958-134477,2008,0,5.4,5.4,2,6273290,1346570
98,4 3,Blankan,627329,134657,WA56955874,SE627958-134477,SE627958-134477,2009,0,4,4,2,6273290,1346570
98,4 3,Blankan,627329,134657,WA56955874,SE627958-134477,SE627958-134477,2010,0,1.7,1.7,2,6273290,1346570
98,4 3,Blankan,627329,134657,WA56955874,SE627958-134477,SE627958-134477,2011,0,1.4,1.4,2,6273290,1346570
98,4 3,Blankan,627329,134657,WA56955874,SE627958-134477,SE627958-134477,2012,0,5.1,5.1,3,6273290,1346570
98,4 3,Blankan,627329,134657,WA56955874,SE627958-134477,SE627958-134477,2013,0,4.2,4.2,2.3,6273290,1346570
98,4 3,Blankan,627329,134657,WA56955874,SE627958-134477,SE627958-134477,2014,0,3.5,3.5,3,6273290,1346570
98,4 3,Blankan,627329,134657,WA56955874,SE627958-134477,SE627958-134477,2015,0,4.6,4.6,2.3,6273290,1346570
98,4 3,Blankan,627329,134657,WA56955874,SE627958-134477,SE627958-134477,2016,0,3.9,3.9,2.7,6273290,1346570
98,4 3,Blankan,627329,134657,WA56955874,SE627958-134477,SE627958-134477,2017,0,2,2,2.3,6273290,1346570
98,4 3,Blankan,627329,134657,WA56955874,SE627958-134477,SE627958-134477,2018,0,3.6,3.6,2,6273290,1346570
98,17 1,Hästgångsån,638300,140841,WA62510992,SE638561-141289,SE638561-141289,1995,0,17.6,17.6,2,6383000,1408410
98,17 1,Hästgångsån,638300,140841,WA62510992,SE638561-141289,SE638561-141289,1996,0,14.6,14.6,2,6383000,1408410
98,17 1,Hästgångsån,638300,140841,WA62510992,SE638561-141289,SE638561-141289,1997,0,41.1,41.1,2,6383000,1408410
98,17 1,Hästgångsån,638300,140841,WA62510992,SE638561-141289,SE638561-141289,1998,0,25.6,25.6,2,6383000,1408410
98,17 1,Hästgångsån,638300,140841,WA62510992,SE638561-141289,SE638561-141289,1999,0,35,35,2,6383000,1408410
98,17 1,Hästgångsån,638300,140841,WA62510992,SE638561-141289,SE638561-141289,2000,0,28.3,28.3,2.3,6383000,1408410
98,17 1,Hästgångsån,638300,140841,WA62510992,SE638561-141289,SE638561-141289,2001,0,29.2,29.2,2,6383000,1408410
98,17 1,Hästgångsån,638300,140841,WA62510992,SE638561-141289,SE638561-141289,2002,0,28.3,28.3,2,6383000,1408410
98,17 1,Hästgångsån,638300,140841,WA62510992,SE638561-141289,SE638561-141289,2003,0,13.7,13.7,2.7,6383000,1408410
98,17 1,Hästgångsån,638300,140841,WA62510992,SE638561-141289,SE638561-141289,2004,0,15.2,15.2,2,6383000,1408410
98,17 1,Hästgångsån,638300,140841,WA62510992,SE638561-141289,SE638561-141289,2005,0,18.3,18.3,2.3,6383000,1408410
98,17 1,Hästgångsån,638300,140841,WA62510992,SE638561-141289,SE638561-141289,2006,0,20,20,2,6383000,1408410
98,17 1,Hästgångsån,638300,140841,WA62510992,SE638561-141289,SE638561-141289,2007,0,21.8,21.8,2.3,6383000,1408410
98,17 1,Hästgångsån,638300,140841,WA62510992,SE638561-141289,SE638561-141289,2008,0,23.8,23.8,2,6383000,1408410
98,17 1,Hästgångsån,638300,140841,WA62510992,SE638561-141289,SE638561-141289,2009,0,18.5,18.5,1.7,6383000,1408410
98,17 1,Hästgångsån,638300,140841,WA62510992,SE638561-141289,SE638561-141289,2010,0,13.5,13.5,1.7,6383000,1408410
98,17 1,Hästgångsån,638300,140841,WA62510992,SE638561-141289,SE638561-141289,2011,0,13.5,13.5,2,6383000,1408410
98,17 1,Hästgångsån,638300,140841,WA62510992,SE638561-141289,SE638561-141289,2012,0,17.4,17.4,2.3,6383000,1408410
98,17 1,Hästgångsån,638300,140841,WA62510992,SE638561-141289,SE638561-141289,2013,0,27.3,27.3,2,6383000,1408410
98,17 1,Hästgångsån,638300,140841,WA62510992,SE638561-141289,SE638561-141289,2014,0,18.7,18.7,2,6383000,1408410
98,17 1,Hästgångsån,638300,140841,WA62510992,SE638561-141289,SE638561-141289,2015,0,27.2,27.2,2.3,6383000,1408410
98,17 1,Hästgångsån,638300,140841,WA62510992,SE638561-141289,SE638561-141289,2016,0,18.9,18.9,2,6383000,1408410
98,17 1,Hästgångsån,638300,140841,WA62510992,SE638561-141289,SE638561-141289,2017,0,11.9,11.9,2,6383000,1408410
98,17 1,Hästgångsån,638300,140841,WA62510992,SE638561-141289,SE638561-141289,2018,0,11.5,11.5,2.3,6383000,1408410
100,6,Lillån,628918,133221,WA19412340,SE629147-133368,SE629147-133368,1991,0,33.2,33.2,2.5,6289180,1332210
100,6,Lillån,628918,133221,WA19412340,SE629147-133368,SE629147-133368,1992,0,79.9,79.9,2,6289180,1332210
100,6,Lillån,628918,133221,WA19412340,SE629147-133368,SE629147-133368,1993,0,25.7,25.7,1.5,6289180,1332210
100,6,Lillån,628918,133221,WA19412340,SE629147-133368,SE629147-133368,1994,0,45.7,45.7,3,6289180,1332210
100,6,Lillån,628918,133221,WA19412340,SE629147-133368,SE629147-133368,1995,1.1,56.9,58,4.5,6289180,1332210
100,6,Lillån,628918,133221,WA19412340,SE629147-133368,SE629147-133368,1996,0,24.8,24.8,3,6289180,1332210
100,6,Lillån,628918,133221,WA19412340,SE629147-133368,SE629147-133368,1997,0,28.4,28.4,3,6289180,1332210
100,6,Lillån,628918,133221,WA19412340,SE629147-133368,SE629147-133368,1998,0,27.8,27.8,2.3,6289180,1332210
100,6,Lillån,628918,133221,WA19412340,SE629147-133368,SE629147-133368,1999,0,44.7,44.7,3.3,6289180,1332210
100,6,Lillån,628918,133221,WA19412340,SE629147-133368,SE629147-133368,2000,0,40.5,40.5,2.6,6289180,1332210
100,6,Lillån,628918,133221,WA19412340,SE629147-133368,SE629147-133368,2001,0,28.6,28.6,3.7,6289180,1332210
100,6,Lillån,628918,133221,WA19412340,SE629147-133368,SE629147-133368,2002,0,32.5,32.5,3,6289180,1332210
100,6,Lillån,628918,133221,WA19412340,SE629147-133368,SE629147-133368,2003,0,21.4,21.4,3,6289180,1332210
100,6,Lillån,628918,133221,WA19412340,SE629147-133368,SE629147-133368,2004,0,14.3,14.3,3.3,6289180,1332210
100,6,Lillån,628918,133221,WA19412340,SE629147-133368,SE629147-133368,2005,0,38.2,38.2,3.7,6289180,1332210
100,6,Lillån,628918,133221,WA19412340,SE629147-133368,SE629147-133368,2006,0,26.9,26.9,3.3,6289180,1332210
100,6,Lillån,628918,133221,WA19412340,SE629147-133368,SE629147-133368,2007,0,10.3,10.3,3,6289180,1332210
100,6,Lillån,628918,133221,WA19412340,SE629147-133368,SE629147-133368,2008,0,16.6,16.6,3.3,6289180,1332210
100,6,Lillån,628918,133221,WA19412340,SE629147-133368,SE629147-133368,2009,0,8.4,8.4,2.7,6289180,1332210
100,6,Lillån,628918,133221,WA19412340,SE629147-133368,SE629147-133368,2010,0,6.4,6.4,1.7,6289180,1332210
100,6,Lillån,628918,133221,WA19412340,SE629147-133368,SE629147-133368,2011,0,3.9,3.9,2.3,6289180,1332210
100,6,Lillån,628918,133221,WA19412340,SE629147-133368,SE629147-133368,2012,0,15.1,15.1,2.7,6289180,1332210
100,6,Lillån,628918,133221,WA19412340,SE629147-133368,SE629147-133368,2013,0,12.9,12.9,3.7,6289180,1332210
100,6,Lillån,628918,133221,WA19412340,SE629147-133368,SE629147-133368,2014,0,3.5,3.5,3,6289180,1332210
100,6,Lillån,628918,133221,WA19412340,SE629147-133368,SE629147-133368,2015,0,2.6,2.6,2.7,6289180,1332210
100,6,Lillån,628918,133221,WA19412340,SE629147-133368,SE629147-133368,2016,0,8,8,2.7,6289180,1332210
100,6,Lillån,628918,133221,WA19412340,SE629147-133368,SE629147-133368,2017,0,1.5,1.5,1.7,6289180,1332210
100,6,Lillån,628918,133221,WA19412340,SE629147-133368,SE629147-133368,2018,3.8,16.4,20.2,4,6289180,1332210
101,24,Helgaboån,640015,138278,WA12737498,SE640224-138043,SE640224-138043,1990,0,6.4,6.4,3,6400150,1382780
101,24,Helgaboån,640015,138278,WA12737498,SE640224-138043,SE640224-138043,1991,0,9.7,9.7,2,6400150,1382780
101,24,Helgaboån,640015,138278,WA12737498,SE640224-138043,SE640224-138043,1992,0,21.3,21.3,4,6400150,1382780
101,24,Helgaboån,640015,138278,WA12737498,SE640224-138043,SE640224-138043,1993,0,18,18,4,6400150,1382780
101,24,Helgaboån,640015,138278,WA12737498,SE640224-138043,SE640224-138043,1994,0,24.7,24.7,4,6400150,1382780
101,24,Helgaboån,640015,138278,WA12737498,SE640224-138043,SE640224-138043,1995,0,10.5,10.5,4,6400150,1382780
101,24,Helgaboån,640015,138278,WA12737498,SE640224-138043,SE640224-138043,1996,0,10.7,10.7,6,6400150,1382780
101,24,Helgaboån,640015,138278,WA12737498,SE640224-138043,SE640224-138043,1997,0,10,10,3,6400150,1382780
101,24,Helgaboån,640015,138278,WA12737498,SE640224-138043,SE640224-138043,1998,0,9.8,9.8,4,6400150,1382780
101,24,Helgaboån,640015,138278,WA12737498,SE640224-138043,SE640224-138043,1999,0,9.2,9.2,3,6400150,1382780
101,24,Helgaboån,640015,138278,WA12737498,SE640224-138043,SE640224-138043,2000,0,13.7,13.7,4,6400150,1382780
101,24,Helgaboån,640015,138278,WA12737498,SE640224-138043,SE640224-138043,2001,0,13.7,13.7,3,6400150,1382780
101,24,Helgaboån,640015,138278,WA12737498,SE640224-138043,SE640224-138043,2003,0,15,15,4,6400150,1382780
101,24,Helgaboån,640015,138278,WA12737498,SE640224-138043,SE640224-138043,2004,0,11.2,11.2,3,6400150,1382780
101,24,Helgaboån,640015,138278,WA12737498,SE640224-138043,SE640224-138043,2005,0,18.9,18.9,3,6400150,1382780
101,24,Helgaboån,640015,138278,WA12737498,SE640224-138043,SE640224-138043,2006,0,28.2,28.2,3,6400150,1382780
101,24,Helgaboån,640015,138278,WA12737498,SE640224-138043,SE640224-138043,2007,0,13.6,13.6,2.5,6400150,1382780
101,24,Helgaboån,640015,138278,WA12737498,SE640224-138043,SE640224-138043,2008,0,16.3,16.3,2,6400150,1382780
101,24,Helgaboån,640015,138278,WA12737498,SE640224-138043,SE640224-138043,2009,0,16,16,2.7,6400150,1382780
101,24,Helgaboån,640015,138278,WA12737498,SE640224-138043,SE640224-138043,2010,0,18.3,18.3,4,6400150,1382780
101,24,Helgaboån,640015,138278,WA12737498,SE640224-138043,SE640224-138043,2011,0,13.4,13.4,3.3,6400150,1382780
101,24,Helgaboån,640015,138278,WA12737498,SE640224-138043,SE640224-138043,2012,0,9.7,9.7,3.3,6400150,1382780
101,24,Helgaboån,640015,138278,WA12737498,SE640224-138043,SE640224-138043,2013,0,19.1,19.1,3.7,6400150,1382780
101,24,Helgaboån,640015,138278,WA12737498,SE640224-138043,SE640224-138043,2014,0,15.8,15.8,2.3,6400150,1382780
101,24,Helgaboån,640015,138278,WA12737498,SE640224-138043,SE640224-138043,2015,0,26.7,26.7,4,6400150,1382780
101,24,Helgaboån,640015,138278,WA12737498,SE640224-138043,SE640224-138043,2016,0,18.1,18.1,3.3,6400150,1382780
101,24,Helgaboån,640015,138278,WA12737498,SE640224-138043,SE640224-138043,2017,0,11.7,11.7,2.3,6400150,1382780
101,24,Helgaboån,640015,138278,WA12737498,SE640224-138043,SE640224-138043,2018,0,10,10,3,6400150,1382780
101,5,Lillån/Bosgårdsån,631435,133357,WA50192169,SE631375-379389,SE631375-379389,1997,0,0.5,0.5,2,6314350,1333570
101,5,Lillån/Bosgårdsån,631435,133357,WA50192169,SE631375-379389,SE631375-379389,1998,0,0,0,1,6314350,1333570
101,5,Lillån/Bosgårdsån,631435,133357,WA50192169,SE631375-379389,SE631375-379389,1999,0,0,0,0,6314350,1333570
101,5,Lillån/Bosgårdsån,631435,133357,WA50192169,SE631375-379389,SE631375-379389,2000,0,1,1,1.3,6314350,1333570
101,5,Lillån/Bosgårdsån,631435,133357,WA50192169,SE631375-379389,SE631375-379389,2001,0,0.9,0.9,1.7,6314350,1333570
101,5,Lillån/Bosgårdsån,631435,133357,WA50192169,SE631375-379389,SE631375-379389,2002,0,3,3,1,6314350,1333570
101,5,Lillån/Bosgårdsån,631435,133357,WA50192169,SE631375-379389,SE631375-379389,2003,0,3.8,3.8,1.7,6314350,1333570
101,5,Lillån/Bosgårdsån,631435,133357,WA50192169,SE631375-379389,SE631375-379389,2004,0,4.8,4.8,1,6314350,1333570
101,5,Lillån/Bosgårdsån,631435,133357,WA50192169,SE631375-379389,SE631375-379389,2005,0,0.6,0.6,1,6314350,1333570
101,5,Lillån/Bosgårdsån,631435,133357,WA50192169,SE631375-379389,SE631375-379389,2006,0,4.3,4.3,1.7,6314350,1333570
101,5,Lillån/Bosgårdsån,631435,133357,WA50192169,SE631375-379389,SE631375-379389,2007,0,1.5,1.5,1.3,6314350,1333570
101,5,Lillån/Bosgårdsån,631435,133357,WA50192169,SE631375-379389,SE631375-379389,2008,0,10.1,10.1,2.3,6314350,1333570
101,5,Lillån/Bosgårdsån,631435,133357,WA50192169,SE631375-379389,SE631375-379389,2009,0,9,9,2,6314350,1333570
101,5,Lillån/Bosgårdsån,631435,133357,WA50192169,SE631375-379389,SE631375-379389,2010,0,4,4,1.3,6314350,1333570
101,5,Lillån/Bosgårdsån,631435,133357,WA50192169,SE631375-379389,SE631375-379389,2011,0,2.2,2.2,1,6314350,1333570
101,5,Lillån/Bosgårdsån,631435,133357,WA50192169,SE631375-379389,SE631375-379389,2012,0,5,5,2,6314350,1333570
101,5,Lillån/Bosgårdsån,631435,133357,WA50192169,SE631375-379389,SE631375-379389,2013,0,2.6,2.6,2.3,6314350,1333570
101,5,Lillån/Bosgårdsån,631435,133357,WA50192169,SE631375-379389,SE631375-379389,2014,0,2.1,2.1,1.3,6314350,1333570
101,5,Lillån/Bosgårdsån,631435,133357,WA50192169,SE631375-379389,SE631375-379389,2015,0,3.4,3.4,2.7,6314350,1333570
101,5,Lillån/Bosgårdsån,631435,133357,WA50192169,SE631375-379389,SE631375-379389,2016,0,1,1,1.3,6314350,1333570
101,5,Lillån/Bosgårdsån,631435,133357,WA50192169,SE631375-379389,SE631375-379389,2017,0,4.2,4.2,2.3,6314350,1333570
101,5,Lillån/Bosgårdsån,631435,133357,WA50192169,SE631375-379389,SE631375-379389,2018,0,2.3,2.3,2,6314350,1333570
102,3 1,Hovgårdsån,630918,131602,WA55301346,SE631040-131581,SE631040-131581,1995,0,29.7,29.7,3,6309180,1316020
102,3 1,Hovgårdsån,630918,131602,WA55301346,SE631040-131581,SE631040-131581,1996,0,9.8,9.8,2,6309180,1316020
102,3 1,Hovgårdsån,630918,131602,WA55301346,SE631040-131581,SE631040-131581,1997,0,4.9,4.9,3,6309180,1316020
102,3 1,Hovgårdsån,630918,131602,WA55301346,SE631040-131581,SE631040-131581,1998,0,4.4,4.4,3,6309180,1316020
102,3 1,Hovgårdsån,630918,131602,WA55301346,SE631040-131581,SE631040-131581,1999,0,10.2,10.2,2.5,6309180,1316020
102,3 1,Hovgårdsån,630918,131602,WA55301346,SE631040-131581,SE631040-131581,2000,0,9.4,9.4,3,6309180,1316020
102,3 1,Hovgårdsån,630918,131602,WA55301346,SE631040-131581,SE631040-131581,2001,0,7.9,7.9,4,6309180,1316020
102,3 1,Hovgårdsån,630918,131602,WA55301346,SE631040-131581,SE631040-131581,2002,0,6.5,6.5,2.7,6309180,1316020
102,3 1,Hovgårdsån,630918,131602,WA55301346,SE631040-131581,SE631040-131581,2003,0,5.3,5.3,2,6309180,1316020
102,3 1,Hovgårdsån,630918,131602,WA55301346,SE631040-131581,SE631040-131581,2004,0,8.1,8.1,2.7,6309180,1316020
102,3 1,Hovgårdsån,630918,131602,WA55301346,SE631040-131581,SE631040-131581,2005,0,3.9,3.9,2.3,6309180,1316020
102,3 1,Hovgårdsån,630918,131602,WA55301346,SE631040-131581,SE631040-131581,2006,0,2,2,3.3,6309180,1316020
102,3 1,Hovgårdsån,630918,131602,WA55301346,SE631040-131581,SE631040-131581,2007,0,1.4,1.4,1.7,6309180,1316020
102,3 1,Hovgårdsån,630918,131602,WA55301346,SE631040-131581,SE631040-131581,2008,0,4.8,4.8,3.3,6309180,1316020
102,3 1,Hovgårdsån,630918,131602,WA55301346,SE631040-131581,SE631040-131581,2009,0,5.9,5.9,1.3,6309180,1316020
102,3 1,Hovgårdsån,630918,131602,WA55301346,SE631040-131581,SE631040-131581,2010,0,5.8,5.8,1.7,6309180,1316020
102,3 1,Hovgårdsån,630918,131602,WA55301346,SE631040-131581,SE631040-131581,2011,0,1.4,1.4,1.3,6309180,1316020
102,3 1,Hovgårdsån,630918,131602,WA55301346,SE631040-131581,SE631040-131581,2012,4.3,3,7.2,3.3,6309180,1316020
102,3 1,Hovgårdsån,630918,131602,WA55301346,SE631040-131581,SE631040-131581,2013,2.6,6.6,9.2,3.7,6309180,1316020
102,3 1,Hovgårdsån,630918,131602,WA55301346,SE631040-131581,SE631040-131581,2014,0.1,3.2,3.3,2.7,6309180,1316020
102,3 1,Hovgårdsån,630918,131602,WA55301346,SE631040-131581,SE631040-131581,2015,0,3.4,3.4,3,6309180,1316020
102,3 1,Hovgårdsån,630918,131602,WA55301346,SE631040-131581,SE631040-131581,2016,0,2.9,2.9,2.7,6309180,1316020
102,3 1,Hovgårdsån,630918,131602,WA55301346,SE631040-131581,SE631040-131581,2017,0,2.7,2.7,2.7,6309180,1316020
102,3 1,Hovgårdsån,630918,131602,WA55301346,SE631040-131581,SE631040-131581,2018,0,3.1,3.1,3.7,6309180,1316020
103,12 1,Musån,637503,135162,WA34316369,SE637187-135350,SE637187-135350,2005,0,0.3,0.3,3,6375030,1351620
103,12 1,Musån,637503,135162,WA34316369,SE637187-135350,SE637187-135350,2006,0,0.3,0.3,5,6375030,1351620
103,12 1,Musån,637503,135162,WA34316369,SE637187-135350,SE637187-135350,2007,0,0.3,0.3,3,6375030,1351620
103,12 1,Musån,637503,135162,WA34316369,SE637187-135350,SE637187-135350,2008,0,0.3,0.3,2,6375030,1351620
103,12 1,Musån,637503,135162,WA34316369,SE637187-135350,SE637187-135350,2009,0,0,0,1,6375030,1351620
103,12 1,Musån,637503,135162,WA34316369,SE637187-135350,SE637187-135350,2010,0,0,0,0,6375030,1351620
103,12 1,Musån,637503,135162,WA34316369,SE637187-135350,SE637187-135350,2011,0,0,0,1,6375030,1351620
103,12 1,Musån,637503,135162,WA34316369,SE637187-135350,SE637187-135350,2012,0,0,0,3,6375030,1351620
103,12 1,Musån,637503,135162,WA34316369,SE637187-135350,SE637187-135350,2013,0,0,0,2,6375030,1351620
103,12 1,Musån,637503,135162,WA34316369,SE637187-135350,SE637187-135350,2014,0,0,0,3,6375030,1351620
103,12 1,Musån,637503,135162,WA34316369,SE637187-135350,SE637187-135350,2016,0,0,0,2,6375030,1351620
103,12 1,Musån,637503,135162,WA34316369,SE637187-135350,SE637187-135350,2017,0,0,0,2,6375030,1351620
103,12 1,Musån,637503,135162,WA34316369,SE637187-135350,SE637187-135350,2018,0,0,0,2,6375030,1351620
105,8 1,Lindåsabäcken,639160,132774,WA35495796,SE639661-133346,SE639661-133346,1993,0,21.6,21.6,3,6391600,1327740
105,8 1,Lindåsabäcken,639160,132774,WA35495796,SE639661-133346,SE639661-133346,1997,0,38.9,38.9,3,6391600,1327740
105,8 1,Lindåsabäcken,639160,132774,WA35495796,SE639661-133346,SE639661-133346,1999,0,53.4,53.4,2,6391600,1327740
105,8 1,Lindåsabäcken,639160,132774,WA35495796,SE639661-133346,SE639661-133346,2001,0,17.9,17.9,2,6391600,1327740
105,8 1,Lindåsabäcken,639160,132774,WA35495796,SE639661-133346,SE639661-133346,2002,0,41.7,41.7,3,6391600,1327740
105,8 1,Lindåsabäcken,639160,132774,WA35495796,SE639661-133346,SE639661-133346,2003,0,32.9,32.9,2,6391600,1327740
105,8 1,Lindåsabäcken,639160,132774,WA35495796,SE639661-133346,SE639661-133346,2004,0,27.1,27.1,2,6391600,1327740
105,8 1,Lindåsabäcken,639160,132774,WA35495796,SE639661-133346,SE639661-133346,2005,0,46.2,46.2,2,6391600,1327740
105,8 1,Lindåsabäcken,639160,132774,WA35495796,SE639661-133346,SE639661-133346,2006,0,38.2,38.2,2,6391600,1327740
105,8 1,Lindåsabäcken,639160,132774,WA35495796,SE639661-133346,SE639661-133346,2007,0,25.3,25.3,2,6391600,1327740
105,8 1,Lindåsabäcken,639160,132774,WA35495796,SE639661-133346,SE639661-133346,2008,0,25.3,25.3,2.3,6391600,1327740
105,8 1,Lindåsabäcken,639160,132774,WA35495796,SE639661-133346,SE639661-133346,2009,0,25.8,25.8,3,6391600,1327740
105,8 1,Lindåsabäcken,639160,132774,WA35495796,SE639661-133346,SE639661-133346,2010,0,19.6,19.6,2,6391600,1327740
105,8 1,Lindåsabäcken,639160,132774,WA35495796,SE639661-133346,SE639661-133346,2011,0,14.5,14.5,2,6391600,1327740
105,8 1,Lindåsabäcken,639160,132774,WA35495796,SE639661-133346,SE639661-133346,2012,0,29.8,29.8,3,6391600,1327740
105,8 1,Lindåsabäcken,639160,132774,WA35495796,SE639661-133346,SE639661-133346,2013,0,44.6,44.6,2.5,6391600,1327740
105,8 1,Lindåsabäcken,639160,132774,WA35495796,SE639661-133346,SE639661-133346,2014,0,19.9,19.9,2.3,6391600,1327740
105,8 1,Lindåsabäcken,639160,132774,WA35495796,SE639661-133346,SE639661-133346,2015,0,40.9,40.9,2.3,6391600,1327740
105,8 1,Lindåsabäcken,639160,132774,WA35495796,SE639661-133346,SE639661-133346,2016,0,33.3,33.3,2.3,6391600,1327740
105,8 1,Lindåsabäcken,639160,132774,WA35495796,SE639661-133346,SE639661-133346,2017,0,28.4,28.4,2.5,6391600,1327740
105,8 1,Lindåsabäcken,639160,132774,WA35495796,SE639661-133346,SE639661-133346,2018,0,28.5,28.5,2,6391600,1327740
105,6 1,Ljungaån,637597,131335,WA88378649,SE637960-132204,SE637960-132204,1995,0,28.2,28.2,2,6375970,1313350
105,6 1,Ljungaån,637597,131335,WA88378649,SE637960-132204,SE637960-132204,1996,0,19,19,4,6375970,1313350
105,6 1,Ljungaån,637597,131335,WA88378649,SE637960-132204,SE637960-132204,1998,0,1.8,1.8,3,6375970,1313350
105,6 1,Ljungaån,637597,131335,WA88378649,SE637960-132204,SE637960-132204,1999,0,16.6,16.6,4,6375970,1313350
105,6 1,Ljungaån,637597,131335,WA88378649,SE637960-132204,SE637960-132204,2000,0,18.4,18.4,3,6375970,1313350
105,6 1,Ljungaån,637597,131335,WA88378649,SE637960-132204,SE637960-132204,2001,0,26.2,26.2,3,6375970,1313350
105,6 1,Ljungaån,637597,131335,WA88378649,SE637960-132204,SE637960-132204,2004,0,18,18,3,6375970,1313350
105,6 1,Ljungaån,637597,131335,WA88378649,SE637960-132204,SE637960-132204,2005,0,33.8,33.8,3,6375970,1313350
105,6 1,Ljungaån,637597,131335,WA88378649,SE637960-132204,SE637960-132204,2006,0,30.4,30.4,2,6375970,1313350
105,6 1,Ljungaån,637597,131335,WA88378649,SE637960-132204,SE637960-132204,2007,0,28,28,2.5,6375970,1313350
105,6 1,Ljungaån,637597,131335,WA88378649,SE637960-132204,SE637960-132204,2008,0,38.2,38.2,2,6375970,1313350
105,6 1,Ljungaån,637597,131335,WA88378649,SE637960-132204,SE637960-132204,2009,0,15.7,15.7,2,6375970,1313350
105,6 1,Ljungaån,637597,131335,WA88378649,SE637960-132204,SE637960-132204,2010,0,12,12,2,6375970,1313350
105,6 1,Ljungaån,637597,131335,WA88378649,SE637960-132204,SE637960-132204,2011,0,9,9,3,6375970,1313350
105,6 1,Ljungaån,637597,131335,WA88378649,SE637960-132204,SE637960-132204,2012,0,6.9,6.9,3,6375970,1313350
105,6 1,Ljungaån,637597,131335,WA88378649,SE637960-132204,SE637960-132204,2013,0,21,21,2.5,6375970,1313350
105,6 1,Ljungaån,637597,131335,WA88378649,SE637960-132204,SE637960-132204,2014,0,3.8,3.8,2,6375970,1313350
105,6 1,Ljungaån,637597,131335,WA88378649,SE637960-132204,SE637960-132204,2015,0,9.6,9.6,2,6375970,1313350
105,6 1,Ljungaån,637597,131335,WA88378649,SE637960-132204,SE637960-132204,2017,0,21.8,21.8,3,6375970,1313350
108,74,Enån,664180,137236,WA63487998,SE664297-136937,SE664297-136937,1994,0,18.4,18.4,1,6641800,1372360
108,74,Enån,664180,137236,WA63487998,SE664297-136937,SE664297-136937,1998,0,31.4,31.4,1,6641800,1372360
108,74,Enån,664180,137236,WA63487998,SE664297-136937,SE664297-136937,2000,0,41.5,41.5,1,6641800,1372360
108,74,Enån,664180,137236,WA63487998,SE664297-136937,SE664297-136937,2002,0,21.8,21.8,1.5,6641800,1372360
108,74,Enån,664180,137236,WA63487998,SE664297-136937,SE664297-136937,2004,0,9.5,9.5,1,6641800,1372360
108,74,Enån,664180,137236,WA63487998,SE664297-136937,SE664297-136937,2005,0,59.9,59.9,1,6641800,1372360
108,74,Enån,664180,137236,WA63487998,SE664297-136937,SE664297-136937,2006,0,23.9,23.9,1,6641800,1372360
108,74,Enån,664180,137236,WA63487998,SE664297-136937,SE664297-136937,2007,0,35.9,35.9,1,6641800,1372360
108,74,Enån,664180,137236,WA63487998,SE664297-136937,SE664297-136937,2008,0,22.1,22.1,1,6641800,1372360
108,74,Enån,664180,137236,WA63487998,SE664297-136937,SE664297-136937,2009,0,29.7,29.7,1,6641800,1372360
108,74,Enån,664180,137236,WA63487998,SE664297-136937,SE664297-136937,2010,0,38.1,38.1,1,6641800,1372360
108,74,Enån,664180,137236,WA63487998,SE664297-136937,SE664297-136937,2011,0,22.7,22.7,1,6641800,1372360
108,74,Enån,664180,137236,WA63487998,SE664297-136937,SE664297-136937,2012,0,22.8,22.8,1.3,6641800,1372360
108,74,Enån,664180,137236,WA63487998,SE664297-136937,SE664297-136937,2013,0,50.4,50.4,1.3,6641800,1372360
108,74,Enån,664180,137236,WA63487998,SE664297-136937,SE664297-136937,2014,0,33.3,33.3,1.3,6641800,1372360
108,74,Enån,664180,137236,WA63487998,SE664297-136937,SE664297-136937,2015,0,22.9,22.9,1,6641800,1372360
108,74,Enån,664180,137236,WA63487998,SE664297-136937,SE664297-136937,2016,0,39.5,39.5,1,6641800,1372360
108,74,Enån,664180,137236,WA63487998,SE664297-136937,SE664297-136937,2017,0,61.6,61.6,1,6641800,1372360
108,74,Enån,664180,137236,WA63487998,SE664297-136937,SE664297-136937,2018,0,37.5,37.5,1,6641800,1372360
108,42,Kolarebäcken,651150,138479,WA39944872,SE641905-137438,SE641905-137438,1995,0,88.9,88.9,3,6511500,1384790
108,42,Kolarebäcken,651150,138479,WA39944872,SE641905-137438,SE641905-137438,1996,0,91.1,91.1,3,6511500,1384790
108,42,Kolarebäcken,651150,138479,WA39944872,SE641905-137438,SE641905-137438,1997,0,33.3,33.3,3,6511500,1384790
108,42,Kolarebäcken,651150,138479,WA39944872,SE641905-137438,SE641905-137438,1998,0,26.7,26.7,2,6511500,1384790
108,42,Kolarebäcken,651150,138479,WA39944872,SE641905-137438,SE641905-137438,1999,0,59,59,2,6511500,1384790
108,42,Kolarebäcken,651150,138479,WA39944872,SE641905-137438,SE641905-137438,2000,0,84.7,84.7,1,6511500,1384790
108,42,Kolarebäcken,651150,138479,WA39944872,SE641905-137438,SE641905-137438,2001,0,102.9,102.9,3,6511500,1384790
108,42,Kolarebäcken,651150,138479,WA39944872,SE641905-137438,SE641905-137438,2002,0,54,54,2,6511500,1384790
108,42,Kolarebäcken,651150,138479,WA39944872,SE641905-137438,SE641905-137438,2003,0,17.2,17.2,2,6511500,1384790
108,42,Kolarebäcken,651150,138479,WA39944872,SE641905-137438,SE641905-137438,2004,0,10.5,10.5,2,6511500,1384790
108,42,Kolarebäcken,651150,138479,WA39944872,SE641905-137438,SE641905-137438,2006,0,55.1,55.1,2,6511500,1384790
108,42,Kolarebäcken,651150,138479,WA39944872,SE641905-137438,SE641905-137438,2007,0,31.8,31.8,2,6511500,1384790
108,42,Kolarebäcken,651150,138479,WA39944872,SE641905-137438,SE641905-137438,2008,0,45,45,2.3,6511500,1384790
108,42,Kolarebäcken,651150,138479,WA39944872,SE641905-137438,SE641905-137438,2009,0,24.6,24.6,2,6511500,1384790
108,42,Kolarebäcken,651150,138479,WA39944872,SE641905-137438,SE641905-137438,2010,0,26.3,26.3,2.3,6511500,1384790
108,42,Kolarebäcken,651150,138479,WA39944872,SE641905-137438,SE641905-137438,2011,0,12.4,12.4,2,6511500,1384790
108,42,Kolarebäcken,651150,138479,WA39944872,SE641905-137438,SE641905-137438,2012,0,26.8,26.8,3,6511500,1384790
108,42,Kolarebäcken,651150,138479,WA39944872,SE641905-137438,SE641905-137438,2013,0,59,59,3.7,6511500,1384790
108,42,Kolarebäcken,651150,138479,WA39944872,SE641905-137438,SE641905-137438,2014,0,19.6,19.6,3.7,6511500,1384790
108,42,Kolarebäcken,651150,138479,WA39944872,SE641905-137438,SE641905-137438,2015,0,29.8,29.8,3.7,6511500,1384790
108,42,Kolarebäcken,651150,138479,WA39944872,SE641905-137438,SE641905-137438,2016,0,44.7,44.7,3.3,6511500,1384790
108,42,Kolarebäcken,651150,138479,WA39944872,SE641905-137438,SE641905-137438,2017,0,8.6,8.6,3.3,6511500,1384790
108,42,Kolarebäcken,651150,138479,WA39944872,SE641905-137438,SE641905-137438,2018,0,3.9,3.9,1.3,6511500,1384790
108,44 7 2,Trösälven,658240,142677,WA27353528,SE659564-142727,SE659564-142727,2000,0,25.7,25.7,3,6582400,1426770
108,44 7 2,Trösälven,658240,142677,WA27353528,SE659564-142727,SE659564-142727,2001,0,9.7,9.7,4,6582400,1426770
108,44 7 2,Trösälven,658240,142677,WA27353528,SE659564-142727,SE659564-142727,2002,0,16.4,16.4,5,6582400,1426770
108,44 7 2,Trösälven,658240,142677,WA27353528,SE659564-142727,SE659564-142727,2003,0,20.4,20.4,4.3,6582400,1426770
108,44 7 2,Trösälven,658240,142677,WA27353528,SE659564-142727,SE659564-142727,2004,0,11.6,11.6,4.3,6582400,1426770
108,44 7 2,Trösälven,658240,142677,WA27353528,SE659564-142727,SE659564-142727,2005,0,32.9,32.9,5.3,6582400,1426770
108,44 7 2,Trösälven,658240,142677,WA27353528,SE659564-142727,SE659564-142727,2006,0,9.2,9.2,4.3,6582400,1426770
108,44 7 2,Trösälven,658240,142677,WA27353528,SE659564-142727,SE659564-142727,2007,0,11.8,11.8,5,6582400,1426770
108,44 7 2,Trösälven,658240,142677,WA27353528,SE659564-142727,SE659564-142727,2008,0,9.8,9.8,4,6582400,1426770
108,44 7 2,Trösälven,658240,142677,WA27353528,SE659564-142727,SE659564-142727,2009,0,16.2,16.2,3.7,6582400,1426770
108,44 7 2,Trösälven,658240,142677,WA27353528,SE659564-142727,SE659564-142727,2010,0,11.2,11.2,4.3,6582400,1426770
108,44 7 2,Trösälven,658240,142677,WA27353528,SE659564-142727,SE659564-142727,2011,0,7.3,7.3,4.3,6582400,1426770
108,44 7 2,Trösälven,658240,142677,WA27353528,SE659564-142727,SE659564-142727,2012,0,17.8,17.8,4,6582400,1426770
108,44 7 2,Trösälven,658240,142677,WA27353528,SE659564-142727,SE659564-142727,2013,0,14,14,4.3,6582400,1426770
108,44 7 2,Trösälven,658240,142677,WA27353528,SE659564-142727,SE659564-142727,2014,0,9.6,9.6,4.3,6582400,1426770
108,44 7 2,Trösälven,658240,142677,WA27353528,SE659564-142727,SE659564-142727,2015,0,15.9,15.9,5,6582400,1426770
108,44 7 2,Trösälven,658240,142677,WA27353528,SE659564-142727,SE659564-142727,2016,0,17.2,17.2,4.3,6582400,1426770
108,44 7 2,Trösälven,658240,142677,WA27353528,SE659564-142727,SE659564-142727,2017,0,11.3,11.3,4.3,6582400,1426770
108,44 7 2,Trösälven,658240,142677,WA27353528,SE659564-142727,SE659564-142727,2018,0,22.7,22.7,4.7,6582400,1426770
108,89,Vingån,673365,134254,WA97449813,SE673303-133869,SE673303-133869,2003,0,2.6,2.6,2,6733650,1342540
108,89,Vingån,673365,134254,WA97449813,SE673303-133869,SE673303-133869,2005,0,2.2,2.2,2,6733650,1342540
108,89,Vingån,673365,134254,WA97449813,SE673303-133869,SE673303-133869,2006,0,2.1,2.1,1.3,6733650,1342540
108,89,Vingån,673365,134254,WA97449813,SE673303-133869,SE673303-133869,2007,0,1.1,1.1,1.3,6733650,1342540
108,89,Vingån,673365,134254,WA97449813,SE673303-133869,SE673303-133869,2008,0,0.5,0.5,1.7,6733650,1342540
108,89,Vingån,673365,134254,WA97449813,SE673303-133869,SE673303-133869,2009,0,0,0,0,6733650,1342540
108,89,Vingån,673365,134254,WA97449813,SE673303-133869,SE673303-133869,2010,0,0.1,0.1,0.7,6733650,1342540
108,89,Vingån,673365,134254,WA97449813,SE673303-133869,SE673303-133869,2011,0,0.3,0.3,0.7,6733650,1342540
108,89,Vingån,673365,134254,WA97449813,SE673303-133869,SE673303-133869,2012,0,0.4,0.4,1,6733650,1342540
108,89,Vingån,673365,134254,WA97449813,SE673303-133869,SE673303-133869,2013,0,1,1,2.3,6733650,1342540
108,89,Vingån,673365,134254,WA97449813,SE673303-133869,SE673303-133869,2014,0,0.5,0.5,1.3,6733650,1342540
108,89,Vingån,673365,134254,WA97449813,SE673303-133869,SE673303-133869,2015,0,0.3,0.3,0.7,6733650,1342540
108,89,Vingån,673365,134254,WA97449813,SE673303-133869,SE673303-133869,2016,0,1.7,1.7,1.3,6733650,1342540
108,89,Vingån,673365,134254,WA97449813,SE673303-133869,SE673303-133869,2017,0,2.8,2.8,1.3,6733650,1342540
108,89,Vingån,673365,134254,WA97449813,SE673303-133869,SE673303-133869,2018,0,2.1,2.1,2.3,6733650,1342540
110111,3,Anråsälven,651051,124054,WA36556832,SE651029-124710,SE651029-124710,2000,0,79.8,79.8,2.7,6510510,1240540
110111,3,Anråsälven,651051,124054,WA36556832,SE651029-124710,SE651029-124710,2001,0,47.4,47.4,2.7,6510510,1240540
110111,3,Anråsälven,651051,124054,WA36556832,SE651029-124710,SE651029-124710,2002,2.9,72,74.9,4,6510510,1240540
110111,3,Anråsälven,651051,124054,WA36556832,SE651029-124710,SE651029-124710,2003,1.9,79.5,81.4,3.7,6510510,1240540
110111,3,Anråsälven,651051,124054,WA36556832,SE651029-124710,SE651029-124710,2004,0,51.5,51.5,3.3,6510510,1240540
110111,3,Anråsälven,651051,124054,WA36556832,SE651029-124710,SE651029-124710,2005,2.8,118.5,121.3,4,6510510,1240540
110111,3,Anråsälven,651051,124054,WA36556832,SE651029-124710,SE651029-124710,2006,34.5,95.6,130.1,4,6510510,1240540
110111,3,Anråsälven,651051,124054,WA36556832,SE651029-124710,SE651029-124710,2007,7.4,89.8,97.2,3,6510510,1240540
110111,3,Anråsälven,651051,124054,WA36556832,SE651029-124710,SE651029-124710,2008,0.9,57.2,58.1,3.7,6510510,1240540
110111,3,Anråsälven,651051,124054,WA36556832,SE651029-124710,SE651029-124710,2009,1.9,45.6,47.6,3,6510510,1240540
110111,3,Anråsälven,651051,124054,WA36556832,SE651029-124710,SE651029-124710,2010,15.1,45.6,60.7,3.7,6510510,1240540
110111,3,Anråsälven,651051,124054,WA36556832,SE651029-124710,SE651029-124710,2011,8,61.7,69.7,3.7,6510510,1240540
110111,3,Anråsälven,651051,124054,WA36556832,SE651029-124710,SE651029-124710,2012,4,128.6,132.6,3,6510510,1240540
110111,3,Anråsälven,651051,124054,WA36556832,SE651029-124710,SE651029-124710,2013,1.6,80.7,82.3,3.3,6510510,1240540
110111,3,Anråsälven,651051,124054,WA36556832,SE651029-124710,SE651029-124710,2014,1.2,60.6,61.8,4,6510510,1240540
110111,3,Anråsälven,651051,124054,WA36556832,SE651029-124710,SE651029-124710,2015,5,147,151.9,3.3,6510510,1240540
110111,3,Anråsälven,651051,124054,WA36556832,SE651029-124710,SE651029-124710,2016,1.6,90,91.7,4,6510510,1240540
110111,3,Anråsälven,651051,124054,WA36556832,SE651029-124710,SE651029-124710,2017,2.8,82.3,85.1,4.2,6510510,1240540
110111,3,Anråsälven,651051,124054,WA36556832,SE651029-124710,SE651029-124710,2018,0.4,87,87.4,3,6510510,1240540
111,0,Skuggälven,654453,123326,WA54920650,SE654022-124861,SE654022-124861,1990,0,41.6,41.6,2.5,6544530,1233260
111,0,Skuggälven,654453,123326,WA54920650,SE654022-124861,SE654022-124861,1991,0,43.8,43.8,1.3,6544530,1233260
111,0,Skuggälven,654453,123326,WA54920650,SE654022-124861,SE654022-124861,1992,0,40.5,40.5,2.5,6544530,1233260
111,0,Skuggälven,654453,123326,WA54920650,SE654022-124861,SE654022-124861,1993,0,52.7,52.7,2,6544530,1233260
111,0,Skuggälven,654453,123326,WA54920650,SE654022-124861,SE654022-124861,1994,0,17.7,17.7,3,6544530,1233260
111,0,Skuggälven,654453,123326,WA54920650,SE654022-124861,SE654022-124861,1995,0,45.6,45.6,2.3,6544530,1233260
111,0,Skuggälven,654453,123326,WA54920650,SE654022-124861,SE654022-124861,1996,0,34,34,1.8,6544530,1233260
111,0,Skuggälven,654453,123326,WA54920650,SE654022-124861,SE654022-124861,1997,0,33.3,33.3,1.5,6544530,1233260
111,0,Skuggälven,654453,123326,WA54920650,SE654022-124861,SE654022-124861,1998,0,27.3,27.3,1.8,6544530,1233260
111,0,Skuggälven,654453,123326,WA54920650,SE654022-124861,SE654022-124861,1999,0,37.3,37.3,1.8,6544530,1233260
111,0,Skuggälven,654453,123326,WA54920650,SE654022-124861,SE654022-124861,2000,0,21.6,21.6,1.8,6544530,1233260
111,0,Skuggälven,654453,123326,WA54920650,SE654022-124861,SE654022-124861,2001,0,27.1,27.1,1.8,6544530,1233260
111,0,Skuggälven,654453,123326,WA54920650,SE654022-124861,SE654022-124861,2002,0,43.6,43.6,2.3,6544530,1233260
111,0,Skuggälven,654453,123326,WA54920650,SE654022-124861,SE654022-124861,2003,0,14.8,14.8,1.8,6544530,1233260
111,0,Skuggälven,654453,123326,WA54920650,SE654022-124861,SE654022-124861,2004,0,25.3,25.3,1.8,6544530,1233260
111,0,Skuggälven,654453,123326,WA54920650,SE654022-124861,SE654022-124861,2005,0,23.1,23.1,1.3,6544530,1233260
111,0,Skuggälven,654453,123326,WA54920650,SE654022-124861,SE654022-124861,2006,0,20.6,20.6,1.8,6544530,1233260
111,0,Skuggälven,654453,123326,WA54920650,SE654022-124861,SE654022-124861,2007,0,27.8,27.8,2,6544530,1233260
111,0,Skuggälven,654453,123326,WA54920650,SE654022-124861,SE654022-124861,2008,0,15.3,15.3,2,6544530,1233260
111,0,Skuggälven,654453,123326,WA54920650,SE654022-124861,SE654022-124861,2009,0,23.1,23.1,1.8,6544530,1233260
111,0,Skuggälven,654453,123326,WA54920650,SE654022-124861,SE654022-124861,2010,0,18.2,18.2,1.8,6544530,1233260
111,0,Skuggälven,654453,123326,WA54920650,SE654022-124861,SE654022-124861,2011,0,26.2,26.2,1.8,6544530,1233260
111,0,Skuggälven,654453,123326,WA54920650,SE654022-124861,SE654022-124861,2012,0,36.9,36.9,2,6544530,1233260
111,0,Skuggälven,654453,123326,WA54920650,SE654022-124861,SE654022-124861,2013,0,28.6,28.6,1.8,6544530,1233260
111,0,Skuggälven,654453,123326,WA54920650,SE654022-124861,SE654022-124861,2014,0,18.4,18.4,2.3,6544530,1233260
111,0,Skuggälven,654453,123326,WA54920650,SE654022-124861,SE654022-124861,2015,0,23.3,23.3,1.3,6544530,1233260
111,0,Skuggälven,654453,123326,WA54920650,SE654022-124861,SE654022-124861,2016,0,21.5,21.5,1.8,6544530,1233260
111,0,Skuggälven,654453,123326,WA54920650,SE654022-124861,SE654022-124861,2017,0,16.1,16.1,2,6544530,1233260
111,0,Skuggälven,654453,123326,WA54920650,SE654022-124861,SE654022-124861,2018,0,18.1,18.1,2.5,6544530,1233260
